DATAFLOW,LAST UPDATE,freq,unit,geo,TIME_PERIOD,OBS_VALUE,OBS_FLAG
ESTAT:TGS00051(1.0),16/12/21 11:00:00,A,PC_IND,AT11,2006,30,
ESTAT:TGS00051(1.0),16/12/21 11:00:00,A,PC_IND,AT11,2007,,u
ESTAT:TGS00051(1.0),16/12/21 11:00:00,A,PC_IND,AT11,2008,24,
ESTAT:TGS00051(1.0),16/12/21 11:00:00,A,PC_IND,AT11,2009,25,
ESTAT:TGS00051(1.0),16/12/21 11:00:00,A,PC_IND,AT11,2010,22,
ESTAT:TGS00051(1.0),16/12/21 11:00:00,A,PC_IND,AT11,2011,22,
ESTAT:TGS00051(1.0),16/12/21 11:00:00,A,PC_IND,AT11,2012,17,
ESTAT:TGS00051(1.0),16/12/21 11:00:00,A,PC_IND,AT11,2013,18,
ESTAT:TGS00051(1.0),16/12/21 11:00:00,A,PC_IND,AT11,2014,14,
ESTAT:TGS00051(1.0),16/12/21 11:00:00,A,PC_IND,AT11,2017,10,
ESTAT:TGS00051(1.0),16/12/21 11:00:00,A,PC_IND,AT12,2006,25,
ESTAT:TGS00051(1.0),16/12/21 11:00:00,A,PC_IND,AT12,2007,23,
ESTAT:TGS00051(1.0),16/12/21 11:00:00,A,PC_IND,AT12,2008,20,
ESTAT:TGS00051(1.0),16/12/21 11:00:00,A,PC_IND,AT12,2009,20,
ESTAT:TGS00051(1.0),16/12/21 11:00:00,A,PC_IND,AT12,2010,17,
ESTAT:TGS00051(1.0),16/12/21 11:00:00,A,PC_IND,AT12,2011,14,
ESTAT:TGS00051(1.0),16/12/21 11:00:00,A,PC_IND,AT12,2012,15,
ESTAT:TGS00051(1.0),16/12/21 11:00:00,A,PC_IND,AT12,2013,15,
ESTAT:TGS00051(1.0),16/12/21 11:00:00,A,PC_IND,AT12,2014,16,
ESTAT:TGS00051(1.0),16/12/21 11:00:00,A,PC_IND,AT12,2017,10,
ESTAT:TGS00051(1.0),16/12/21 11:00:00,A,PC_IND,AT13,2006,19,
ESTAT:TGS00051(1.0),16/12/21 11:00:00,A,PC_IND,AT13,2007,14,
ESTAT:TGS00051(1.0),16/12/21 11:00:00,A,PC_IND,AT13,2008,14,
ESTAT:TGS00051(1.0),16/12/21 11:00:00,A,PC_IND,AT13,2009,16,
ESTAT:TGS00051(1.0),16/12/21 11:00:00,A,PC_IND,AT13,2010,18,
ESTAT:TGS00051(1.0),16/12/21 11:00:00,A,PC_IND,AT13,2011,12,
ESTAT:TGS00051(1.0),16/12/21 11:00:00,A,PC_IND,AT13,2012,10,
ESTAT:TGS00051(1.0),16/12/21 11:00:00,A,PC_IND,AT13,2013,12,
ESTAT:TGS00051(1.0),16/12/21 11:00:00,A,PC_IND,AT13,2014,10,
ESTAT:TGS00051(1.0),16/12/21 11:00:00,A,PC_IND,AT13,2017,6,
ESTAT:TGS00051(1.0),16/12/21 11:00:00,A,PC_IND,AT21,2006,29,
ESTAT:TGS00051(1.0),16/12/21 11:00:00,A,PC_IND,AT21,2007,22,
ESTAT:TGS00051(1.0),16/12/21 11:00:00,A,PC_IND,AT21,2008,20,
ESTAT:TGS00051(1.0),16/12/21 11:00:00,A,PC_IND,AT21,2009,23,
ESTAT:TGS00051(1.0),16/12/21 11:00:00,A,PC_IND,AT21,2010,22,
ESTAT:TGS00051(1.0),16/12/21 11:00:00,A,PC_IND,AT21,2011,16,
ESTAT:TGS00051(1.0),16/12/21 11:00:00,A,PC_IND,AT21,2012,15,
ESTAT:TGS00051(1.0),16/12/21 11:00:00,A,PC_IND,AT21,2013,17,
ESTAT:TGS00051(1.0),16/12/21 11:00:00,A,PC_IND,AT21,2014,17,
ESTAT:TGS00051(1.0),16/12/21 11:00:00,A,PC_IND,AT21,2017,13,
ESTAT:TGS00051(1.0),16/12/21 11:00:00,A,PC_IND,AT22,2006,26,
ESTAT:TGS00051(1.0),16/12/21 11:00:00,A,PC_IND,AT22,2007,22,
ESTAT:TGS00051(1.0),16/12/21 11:00:00,A,PC_IND,AT22,2008,20,
ESTAT:TGS00051(1.0),16/12/21 11:00:00,A,PC_IND,AT22,2009,22,
ESTAT:TGS00051(1.0),16/12/21 11:00:00,A,PC_IND,AT22,2010,19,
ESTAT:TGS00051(1.0),16/12/21 11:00:00,A,PC_IND,AT22,2011,20,
ESTAT:TGS00051(1.0),16/12/21 11:00:00,A,PC_IND,AT22,2012,15,
ESTAT:TGS00051(1.0),16/12/21 11:00:00,A,PC_IND,AT22,2013,14,
ESTAT:TGS00051(1.0),16/12/21 11:00:00,A,PC_IND,AT22,2014,17,
ESTAT:TGS00051(1.0),16/12/21 11:00:00,A,PC_IND,AT22,2017,9,
ESTAT:TGS00051(1.0),16/12/21 11:00:00,A,PC_IND,AT31,2006,26,
ESTAT:TGS00051(1.0),16/12/21 11:00:00,A,PC_IND,AT31,2007,22,
ESTAT:TGS00051(1.0),16/12/21 11:00:00,A,PC_IND,AT31,2008,18,
ESTAT:TGS00051(1.0),16/12/21 11:00:00,A,PC_IND,AT31,2009,20,
ESTAT:TGS00051(1.0),16/12/21 11:00:00,A,PC_IND,AT31,2010,20,
ESTAT:TGS00051(1.0),16/12/21 11:00:00,A,PC_IND,AT31,2011,16,
ESTAT:TGS00051(1.0),16/12/21 11:00:00,A,PC_IND,AT31,2012,15,
ESTAT:TGS00051(1.0),16/12/21 11:00:00,A,PC_IND,AT31,2013,13,
ESTAT:TGS00051(1.0),16/12/21 11:00:00,A,PC_IND,AT31,2014,13,
ESTAT:TGS00051(1.0),16/12/21 11:00:00,A,PC_IND,AT31,2017,10,
ESTAT:TGS00051(1.0),16/12/21 11:00:00,A,PC_IND,AT32,2006,25,
ESTAT:TGS00051(1.0),16/12/21 11:00:00,A,PC_IND,AT32,2007,17,
ESTAT:TGS00051(1.0),16/12/21 11:00:00,A,PC_IND,AT32,2008,14,
ESTAT:TGS00051(1.0),16/12/21 11:00:00,A,PC_IND,AT32,2009,17,
ESTAT:TGS00051(1.0),16/12/21 11:00:00,A,PC_IND,AT32,2010,18,
ESTAT:TGS00051(1.0),16/12/21 11:00:00,A,PC_IND,AT32,2011,12,
ESTAT:TGS00051(1.0),16/12/21 11:00:00,A,PC_IND,AT32,2012,12,
ESTAT:TGS00051(1.0),16/12/21 11:00:00,A,PC_IND,AT32,2013,12,
ESTAT:TGS00051(1.0),16/12/21 11:00:00,A,PC_IND,AT32,2014,13,
ESTAT:TGS00051(1.0),16/12/21 11:00:00,A,PC_IND,AT32,2017,9,
ESTAT:TGS00051(1.0),16/12/21 11:00:00,A,PC_IND,AT33,2006,26,
ESTAT:TGS00051(1.0),16/12/21 11:00:00,A,PC_IND,AT33,2007,21,
ESTAT:TGS00051(1.0),16/12/21 11:00:00,A,PC_IND,AT33,2008,18,
ESTAT:TGS00051(1.0),16/12/21 11:00:00,A,PC_IND,AT33,2009,24,
ESTAT:TGS00051(1.0),16/12/21 11:00:00,A,PC_IND,AT33,2010,18,
ESTAT:TGS00051(1.0),16/12/21 11:00:00,A,PC_IND,AT33,2011,15,
ESTAT:TGS00051(1.0),16/12/21 11:00:00,A,PC_IND,AT33,2012,18,
ESTAT:TGS00051(1.0),16/12/21 11:00:00,A,PC_IND,AT33,2013,13,
ESTAT:TGS00051(1.0),16/12/21 11:00:00,A,PC_IND,AT33,2014,13,
ESTAT:TGS00051(1.0),16/12/21 11:00:00,A,PC_IND,AT33,2017,10,
ESTAT:TGS00051(1.0),16/12/21 11:00:00,A,PC_IND,AT34,2006,23,
ESTAT:TGS00051(1.0),16/12/21 11:00:00,A,PC_IND,AT34,2007,18,
ESTAT:TGS00051(1.0),16/12/21 11:00:00,A,PC_IND,AT34,2008,17,
ESTAT:TGS00051(1.0),16/12/21 11:00:00,A,PC_IND,AT34,2009,20,
ESTAT:TGS00051(1.0),16/12/21 11:00:00,A,PC_IND,AT34,2010,17,
ESTAT:TGS00051(1.0),16/12/21 11:00:00,A,PC_IND,AT34,2011,10,
ESTAT:TGS00051(1.0),16/12/21 11:00:00,A,PC_IND,AT34,2012,11,
ESTAT:TGS00051(1.0),16/12/21 11:00:00,A,PC_IND,AT34,2013,8,
ESTAT:TGS00051(1.0),16/12/21 11:00:00,A,PC_IND,AT34,2014,10,
ESTAT:TGS00051(1.0),16/12/21 11:00:00,A,PC_IND,AT34,2017,9,
ESTAT:TGS00051(1.0),16/12/21 11:00:00,A,PC_IND,BE10,2008,23,
ESTAT:TGS00051(1.0),16/12/21 11:00:00,A,PC_IND,BE10,2009,16,
ESTAT:TGS00051(1.0),16/12/21 11:00:00,A,PC_IND,BE10,2010,13,
ESTAT:TGS00051(1.0),16/12/21 11:00:00,A,PC_IND,BE10,2011,10,
ESTAT:TGS00051(1.0),16/12/21 11:00:00,A,PC_IND,BE10,2012,9,
ESTAT:TGS00051(1.0),16/12/21 11:00:00,A,PC_IND,BE10,2013,9,
ESTAT:TGS00051(1.0),16/12/21 11:00:00,A,PC_IND,BE10,2014,8,
ESTAT:TGS00051(1.0),16/12/21 11:00:00,A,PC_IND,BE10,2015,10,
ESTAT:TGS00051(1.0),16/12/21 11:00:00,A,PC_IND,BE10,2017,8,
ESTAT:TGS00051(1.0),16/12/21 11:00:00,A,PC_IND,BE21,2008,16,
ESTAT:TGS00051(1.0),16/12/21 11:00:00,A,PC_IND,BE21,2009,15,
ESTAT:TGS00051(1.0),16/12/21 11:00:00,A,PC_IND,BE21,2010,13,
ESTAT:TGS00051(1.0),16/12/21 11:00:00,A,PC_IND,BE21,2011,12,
ESTAT:TGS00051(1.0),16/12/21 11:00:00,A,PC_IND,BE21,2012,12,
ESTAT:TGS00051(1.0),16/12/21 11:00:00,A,PC_IND,BE21,2013,8,
ESTAT:TGS00051(1.0),16/12/21 11:00:00,A,PC_IND,BE21,2014,8,
ESTAT:TGS00051(1.0),16/12/21 11:00:00,A,PC_IND,BE21,2015,11,
ESTAT:TGS00051(1.0),16/12/21 11:00:00,A,PC_IND,BE21,2017,7,
ESTAT:TGS00051(1.0),16/12/21 11:00:00,A,PC_IND,BE22,2008,22,
ESTAT:TGS00051(1.0),16/12/21 11:00:00,A,PC_IND,BE22,2009,20,
ESTAT:TGS00051(1.0),16/12/21 11:00:00,A,PC_IND,BE22,2010,18,
ESTAT:TGS00051(1.0),16/12/21 11:00:00,A,PC_IND,BE22,2011,13,
ESTAT:TGS00051(1.0),16/12/21 11:00:00,A,PC_IND,BE22,2012,14,
ESTAT:TGS00051(1.0),16/12/21 11:00:00,A,PC_IND,BE22,2013,13,
ESTAT:TGS00051(1.0),16/12/21 11:00:00,A,PC_IND,BE22,2014,8,
ESTAT:TGS00051(1.0),16/12/21 11:00:00,A,PC_IND,BE22,2015,12,
ESTAT:TGS00051(1.0),16/12/21 11:00:00,A,PC_IND,BE22,2017,10,
ESTAT:TGS00051(1.0),16/12/21 11:00:00,A,PC_IND,BE23,2008,21,
ESTAT:TGS00051(1.0),16/12/21 11:00:00,A,PC_IND,BE23,2009,17,
ESTAT:TGS00051(1.0),16/12/21 11:00:00,A,PC_IND,BE23,2010,14,
ESTAT:TGS00051(1.0),16/12/21 11:00:00,A,PC_IND,BE23,2011,14,
ESTAT:TGS00051(1.0),16/12/21 11:00:00,A,PC_IND,BE23,2012,11,
ESTAT:TGS00051(1.0),16/12/21 11:00:00,A,PC_IND,BE23,2013,13,
ESTAT:TGS00051(1.0),16/12/21 11:00:00,A,PC_IND,BE23,2014,11,
ESTAT:TGS00051(1.0),16/12/21 11:00:00,A,PC_IND,BE23,2015,11,
ESTAT:TGS00051(1.0),16/12/21 11:00:00,A,PC_IND,BE23,2017,11,
ESTAT:TGS00051(1.0),16/12/21 11:00:00,A,PC_IND,BE24,2008,18,
ESTAT:TGS00051(1.0),16/12/21 11:00:00,A,PC_IND,BE24,2009,18,
ESTAT:TGS00051(1.0),16/12/21 11:00:00,A,PC_IND,BE24,2010,13,
ESTAT:TGS00051(1.0),16/12/21 11:00:00,A,PC_IND,BE24,2011,11,
ESTAT:TGS00051(1.0),16/12/21 11:00:00,A,PC_IND,BE24,2012,10,
ESTAT:TGS00051(1.0),16/12/21 11:00:00,A,PC_IND,BE24,2013,11,
ESTAT:TGS00051(1.0),16/12/21 11:00:00,A,PC_IND,BE24,2014,9,
ESTAT:TGS00051(1.0),16/12/21 11:00:00,A,PC_IND,BE24,2015,10,
ESTAT:TGS00051(1.0),16/12/21 11:00:00,A,PC_IND,BE24,2017,8,
ESTAT:TGS00051(1.0),16/12/21 11:00:00,A,PC_IND,BE25,2008,25,
ESTAT:TGS00051(1.0),16/12/21 11:00:00,A,PC_IND,BE25,2009,18,
ESTAT:TGS00051(1.0),16/12/21 11:00:00,A,PC_IND,BE25,2010,14,
ESTAT:TGS00051(1.0),16/12/21 11:00:00,A,PC_IND,BE25,2011,15,
ESTAT:TGS00051(1.0),16/12/21 11:00:00,A,PC_IND,BE25,2012,14,
ESTAT:TGS00051(1.0),16/12/21 11:00:00,A,PC_IND,BE25,2013,13,
ESTAT:TGS00051(1.0),16/12/21 11:00:00,A,PC_IND,BE25,2014,10,
ESTAT:TGS00051(1.0),16/12/21 11:00:00,A,PC_IND,BE25,2015,13,
ESTAT:TGS00051(1.0),16/12/21 11:00:00,A,PC_IND,BE25,2017,9,
ESTAT:TGS00051(1.0),16/12/21 11:00:00,A,PC_IND,BE31,2008,14,
ESTAT:TGS00051(1.0),16/12/21 11:00:00,A,PC_IND,BE31,2009,10,
ESTAT:TGS00051(1.0),16/12/21 11:00:00,A,PC_IND,BE31,2010,12,
ESTAT:TGS00051(1.0),16/12/21 11:00:00,A,PC_IND,BE31,2011,9,
ESTAT:TGS00051(1.0),16/12/21 11:00:00,A,PC_IND,BE31,2012,6,
ESTAT:TGS00051(1.0),16/12/21 11:00:00,A,PC_IND,BE31,2013,7,
ESTAT:TGS00051(1.0),16/12/21 11:00:00,A,PC_IND,BE31,2014,6,
ESTAT:TGS00051(1.0),16/12/21 11:00:00,A,PC_IND,BE31,2015,5,
ESTAT:TGS00051(1.0),16/12/21 11:00:00,A,PC_IND,BE31,2017,8,
ESTAT:TGS00051(1.0),16/12/21 11:00:00,A,PC_IND,BE32,2008,32,
ESTAT:TGS00051(1.0),16/12/21 11:00:00,A,PC_IND,BE32,2009,23,
ESTAT:TGS00051(1.0),16/12/21 11:00:00,A,PC_IND,BE32,2010,18,
ESTAT:TGS00051(1.0),16/12/21 11:00:00,A,PC_IND,BE32,2011,16,
ESTAT:TGS00051(1.0),16/12/21 11:00:00,A,PC_IND,BE32,2012,20,
ESTAT:TGS00051(1.0),16/12/21 11:00:00,A,PC_IND,BE32,2013,16,
ESTAT:TGS00051(1.0),16/12/21 11:00:00,A,PC_IND,BE32,2014,16,
ESTAT:TGS00051(1.0),16/12/21 11:00:00,A,PC_IND,BE32,2015,12,
ESTAT:TGS00051(1.0),16/12/21 11:00:00,A,PC_IND,BE32,2017,13,
ESTAT:TGS00051(1.0),16/12/21 11:00:00,A,PC_IND,BE33,2008,27,
ESTAT:TGS00051(1.0),16/12/21 11:00:00,A,PC_IND,BE33,2009,20,
ESTAT:TGS00051(1.0),16/12/21 11:00:00,A,PC_IND,BE33,2010,18,
ESTAT:TGS00051(1.0),16/12/21 11:00:00,A,PC_IND,BE33,2011,20,
ESTAT:TGS00051(1.0),16/12/21 11:00:00,A,PC_IND,BE33,2012,16,
ESTAT:TGS00051(1.0),16/12/21 11:00:00,A,PC_IND,BE33,2013,14,
ESTAT:TGS00051(1.0),16/12/21 11:00:00,A,PC_IND,BE33,2014,12,
ESTAT:TGS00051(1.0),16/12/21 11:00:00,A,PC_IND,BE33,2015,14,
ESTAT:TGS00051(1.0),16/12/21 11:00:00,A,PC_IND,BE33,2017,13,
ESTAT:TGS00051(1.0),16/12/21 11:00:00,A,PC_IND,BE34,2008,25,
ESTAT:TGS00051(1.0),16/12/21 11:00:00,A,PC_IND,BE34,2009,21,
ESTAT:TGS00051(1.0),16/12/21 11:00:00,A,PC_IND,BE34,2010,21,
ESTAT:TGS00051(1.0),16/12/21 11:00:00,A,PC_IND,BE34,2011,15,
ESTAT:TGS00051(1.0),16/12/21 11:00:00,A,PC_IND,BE34,2012,13,
ESTAT:TGS00051(1.0),16/12/21 11:00:00,A,PC_IND,BE34,2013,15,
ESTAT:TGS00051(1.0),16/12/21 11:00:00,A,PC_IND,BE34,2014,13,
ESTAT:TGS00051(1.0),16/12/21 11:00:00,A,PC_IND,BE34,2015,11,
ESTAT:TGS00051(1.0),16/12/21 11:00:00,A,PC_IND,BE34,2017,10,
ESTAT:TGS00051(1.0),16/12/21 11:00:00,A,PC_IND,BE35,2008,27,
ESTAT:TGS00051(1.0),16/12/21 11:00:00,A,PC_IND,BE35,2009,21,
ESTAT:TGS00051(1.0),16/12/21 11:00:00,A,PC_IND,BE35,2010,14,
ESTAT:TGS00051(1.0),16/12/21 11:00:00,A,PC_IND,BE35,2011,9,
ESTAT:TGS00051(1.0),16/12/21 11:00:00,A,PC_IND,BE35,2012,16,
ESTAT:TGS00051(1.0),16/12/21 11:00:00,A,PC_IND,BE35,2013,14,
ESTAT:TGS00051(1.0),16/12/21 11:00:00,A,PC_IND,BE35,2014,11,
ESTAT:TGS00051(1.0),16/12/21 11:00:00,A,PC_IND,BE35,2015,12,
ESTAT:TGS00051(1.0),16/12/21 11:00:00,A,PC_IND,BE35,2017,11,
ESTAT:TGS00051(1.0),16/12/21 11:00:00,A,PC_IND,BG31,2008,63,
ESTAT:TGS00051(1.0),16/12/21 11:00:00,A,PC_IND,BG31,2009,59,
ESTAT:TGS00051(1.0),16/12/21 11:00:00,A,PC_IND,BG31,2010,53,
ESTAT:TGS00051(1.0),16/12/21 11:00:00,A,PC_IND,BG31,2011,53,
ESTAT:TGS00051(1.0),16/12/21 11:00:00,A,PC_IND,BG31,2012,55,
ESTAT:TGS00051(1.0),16/12/21 11:00:00,A,PC_IND,BG31,2013,47,
ESTAT:TGS00051(1.0),16/12/21 11:00:00,A,PC_IND,BG31,2014,44,
ESTAT:TGS00051(1.0),16/12/21 11:00:00,A,PC_IND,BG31,2015,49,
ESTAT:TGS00051(1.0),16/12/21 11:00:00,A,PC_IND,BG31,2017,36,
ESTAT:TGS00051(1.0),16/12/21 11:00:00,A,PC_IND,BG32,2008,54,
ESTAT:TGS00051(1.0),16/12/21 11:00:00,A,PC_IND,BG32,2009,55,
ESTAT:TGS00051(1.0),16/12/21 11:00:00,A,PC_IND,BG32,2010,52,
ESTAT:TGS00051(1.0),16/12/21 11:00:00,A,PC_IND,BG32,2011,48,
ESTAT:TGS00051(1.0),16/12/21 11:00:00,A,PC_IND,BG32,2012,43,
ESTAT:TGS00051(1.0),16/12/21 11:00:00,A,PC_IND,BG32,2013,42,
ESTAT:TGS00051(1.0),16/12/21 11:00:00,A,PC_IND,BG32,2014,36,
ESTAT:TGS00051(1.0),16/12/21 11:00:00,A,PC_IND,BG32,2015,36,
ESTAT:TGS00051(1.0),16/12/21 11:00:00,A,PC_IND,BG32,2017,30,
ESTAT:TGS00051(1.0),16/12/21 11:00:00,A,PC_IND,BG33,2008,59,
ESTAT:TGS00051(1.0),16/12/21 11:00:00,A,PC_IND,BG33,2009,54,
ESTAT:TGS00051(1.0),16/12/21 11:00:00,A,PC_IND,BG33,2010,54,
ESTAT:TGS00051(1.0),16/12/21 11:00:00,A,PC_IND,BG33,2011,54,
ESTAT:TGS00051(1.0),16/12/21 11:00:00,A,PC_IND,BG33,2012,46,
ESTAT:TGS00051(1.0),16/12/21 11:00:00,A,PC_IND,BG33,2013,44,
ESTAT:TGS00051(1.0),16/12/21 11:00:00,A,PC_IND,BG33,2014,39,
ESTAT:TGS00051(1.0),16/12/21 11:00:00,A,PC_IND,BG33,2015,39,
ESTAT:TGS00051(1.0),16/12/21 11:00:00,A,PC_IND,BG33,2017,33,
ESTAT:TGS00051(1.0),16/12/21 11:00:00,A,PC_IND,BG34,2008,61,
ESTAT:TGS00051(1.0),16/12/21 11:00:00,A,PC_IND,BG34,2009,50,
ESTAT:TGS00051(1.0),16/12/21 11:00:00,A,PC_IND,BG34,2010,51,
ESTAT:TGS00051(1.0),16/12/21 11:00:00,A,PC_IND,BG34,2011,47,
ESTAT:TGS00051(1.0),16/12/21 11:00:00,A,PC_IND,BG34,2012,40,
ESTAT:TGS00051(1.0),16/12/21 11:00:00,A,PC_IND,BG34,2013,43,
ESTAT:TGS00051(1.0),16/12/21 11:00:00,A,PC_IND,BG34,2014,42,
ESTAT:TGS00051(1.0),16/12/21 11:00:00,A,PC_IND,BG34,2015,35,
ESTAT:TGS00051(1.0),16/12/21 11:00:00,A,PC_IND,BG34,2017,34,
ESTAT:TGS00051(1.0),16/12/21 11:00:00,A,PC_IND,BG41,2008,39,
ESTAT:TGS00051(1.0),16/12/21 11:00:00,A,PC_IND,BG41,2009,38,
ESTAT:TGS00051(1.0),16/12/21 11:00:00,A,PC_IND,BG41,2010,37,
ESTAT:TGS00051(1.0),16/12/21 11:00:00,A,PC_IND,BG41,2011,31,
ESTAT:TGS00051(1.0),16/12/21 11:00:00,A,PC_IND,BG41,2012,32,
ESTAT:TGS00051(1.0),16/12/21 11:00:00,A,PC_IND,BG41,2013,30,
ESTAT:TGS00051(1.0),16/12/21 11:00:00,A,PC_IND,BG41,2014,28,
ESTAT:TGS00051(1.0),16/12/21 11:00:00,A,PC_IND,BG41,2015,25,
ESTAT:TGS00051(1.0),16/12/21 11:00:00,A,PC_IND,BG41,2017,27,
ESTAT:TGS00051(1.0),16/12/21 11:00:00,A,PC_IND,BG42,2008,56,
ESTAT:TGS00051(1.0),16/12/21 11:00:00,A,PC_IND,BG42,2009,58,
ESTAT:TGS00051(1.0),16/12/21 11:00:00,A,PC_IND,BG42,2010,55,
ESTAT:TGS00051(1.0),16/12/21 11:00:00,A,PC_IND,BG42,2011,50,
ESTAT:TGS00051(1.0),16/12/21 11:00:00,A,PC_IND,BG42,2012,42,
ESTAT:TGS00051(1.0),16/12/21 11:00:00,A,PC_IND,BG42,2013,44,
ESTAT:TGS00051(1.0),16/12/21 11:00:00,A,PC_IND,BG42,2014,40,
ESTAT:TGS00051(1.0),16/12/21 11:00:00,A,PC_IND,BG42,2015,37,
ESTAT:TGS00051(1.0),16/12/21 11:00:00,A,PC_IND,BG42,2017,32,
ESTAT:TGS00051(1.0),16/12/21 11:00:00,A,PC_IND,CY00,2008,46,
ESTAT:TGS00051(1.0),16/12/21 11:00:00,A,PC_IND,CY00,2009,42,
ESTAT:TGS00051(1.0),16/12/21 11:00:00,A,PC_IND,CY00,2010,40,
ESTAT:TGS00051(1.0),16/12/21 11:00:00,A,PC_IND,CY00,2011,38,
ESTAT:TGS00051(1.0),16/12/21 11:00:00,A,PC_IND,CY00,2012,34,
ESTAT:TGS00051(1.0),16/12/21 11:00:00,A,PC_IND,CY00,2013,31,
ESTAT:TGS00051(1.0),16/12/21 11:00:00,A,PC_IND,CY00,2014,27,
ESTAT:TGS00051(1.0),16/12/21 11:00:00,A,PC_IND,CY00,2015,26,
ESTAT:TGS00051(1.0),16/12/21 11:00:00,A,PC_IND,CY00,2017,21,
ESTAT:TGS00051(1.0),16/12/21 11:00:00,A,PC_IND,CZ01,2007,23,
ESTAT:TGS00051(1.0),16/12/21 11:00:00,A,PC_IND,CZ01,2008,16,
ESTAT:TGS00051(1.0),16/12/21 11:00:00,A,PC_IND,CZ01,2010,13,
ESTAT:TGS00051(1.0),16/12/21 11:00:00,A,PC_IND,CZ01,2011,13,
ESTAT:TGS00051(1.0),16/12/21 11:00:00,A,PC_IND,CZ01,2012,5,
ESTAT:TGS00051(1.0),16/12/21 11:00:00,A,PC_IND,CZ01,2013,9,
ESTAT:TGS00051(1.0),16/12/21 11:00:00,A,PC_IND,CZ01,2014,6,
ESTAT:TGS00051(1.0),16/12/21 11:00:00,A,PC_IND,CZ01,2015,4,
ESTAT:TGS00051(1.0),16/12/21 11:00:00,A,PC_IND,CZ01,2017,4,
ESTAT:TGS00051(1.0),16/12/21 11:00:00,A,PC_IND,CZ02,2007,35,
ESTAT:TGS00051(1.0),16/12/21 11:00:00,A,PC_IND,CZ02,2008,20,
ESTAT:TGS00051(1.0),16/12/21 11:00:00,A,PC_IND,CZ02,2010,21,
ESTAT:TGS00051(1.0),16/12/21 11:00:00,A,PC_IND,CZ02,2011,20,
ESTAT:TGS00051(1.0),16/12/21 11:00:00,A,PC_IND,CZ02,2012,15,
ESTAT:TGS00051(1.0),16/12/21 11:00:00,A,PC_IND,CZ02,2013,13,
ESTAT:TGS00051(1.0),16/12/21 11:00:00,A,PC_IND,CZ02,2014,13,
ESTAT:TGS00051(1.0),16/12/21 11:00:00,A,PC_IND,CZ02,2015,13,
ESTAT:TGS00051(1.0),16/12/21 11:00:00,A,PC_IND,CZ02,2017,9,
ESTAT:TGS00051(1.0),16/12/21 11:00:00,A,PC_IND,CZ03,2007,38,
ESTAT:TGS00051(1.0),16/12/21 11:00:00,A,PC_IND,CZ03,2008,29,
ESTAT:TGS00051(1.0),16/12/21 11:00:00,A,PC_IND,CZ03,2010,24,
ESTAT:TGS00051(1.0),16/12/21 11:00:00,A,PC_IND,CZ03,2011,21,
ESTAT:TGS00051(1.0),16/12/21 11:00:00,A,PC_IND,CZ03,2012,19,
ESTAT:TGS00051(1.0),16/12/21 11:00:00,A,PC_IND,CZ03,2013,16,
ESTAT:TGS00051(1.0),16/12/21 11:00:00,A,PC_IND,CZ03,2014,14,
ESTAT:TGS00051(1.0),16/12/21 11:00:00,A,PC_IND,CZ03,2015,10,
ESTAT:TGS00051(1.0),16/12/21 11:00:00,A,PC_IND,CZ03,2017,10,
ESTAT:TGS00051(1.0),16/12/21 11:00:00,A,PC_IND,CZ04,2007,36,
ESTAT:TGS00051(1.0),16/12/21 11:00:00,A,PC_IND,CZ04,2008,29,
ESTAT:TGS00051(1.0),16/12/21 11:00:00,A,PC_IND,CZ04,2010,26,
ESTAT:TGS00051(1.0),16/12/21 11:00:00,A,PC_IND,CZ04,2011,24,
ESTAT:TGS00051(1.0),16/12/21 11:00:00,A,PC_IND,CZ04,2012,23,
ESTAT:TGS00051(1.0),16/12/21 11:00:00,A,PC_IND,CZ04,2013,18,
ESTAT:TGS00051(1.0),16/12/21 11:00:00,A,PC_IND,CZ04,2014,18,
ESTAT:TGS00051(1.0),16/12/21 11:00:00,A,PC_IND,CZ04,2015,13,
ESTAT:TGS00051(1.0),16/12/21 11:00:00,A,PC_IND,CZ04,2017,11,
ESTAT:TGS00051(1.0),16/12/21 11:00:00,A,PC_IND,CZ05,2007,40,
ESTAT:TGS00051(1.0),16/12/21 11:00:00,A,PC_IND,CZ05,2008,34,
ESTAT:TGS00051(1.0),16/12/21 11:00:00,A,PC_IND,CZ05,2010,31,
ESTAT:TGS00051(1.0),16/12/21 11:00:00,A,PC_IND,CZ05,2011,22,
ESTAT:TGS00051(1.0),16/12/21 11:00:00,A,PC_IND,CZ05,2012,18,
ESTAT:TGS00051(1.0),16/12/21 11:00:00,A,PC_IND,CZ05,2013,18,
ESTAT:TGS00051(1.0),16/12/21 11:00:00,A,PC_IND,CZ05,2014,17,
ESTAT:TGS00051(1.0),16/12/21 11:00:00,A,PC_IND,CZ05,2015,14,
ESTAT:TGS00051(1.0),16/12/21 11:00:00,A,PC_IND,CZ05,2017,14,
ESTAT:TGS00051(1.0),16/12/21 11:00:00,A,PC_IND,CZ06,2007,37,
ESTAT:TGS00051(1.0),16/12/21 11:00:00,A,PC_IND,CZ06,2008,31,
ESTAT:TGS00051(1.0),16/12/21 11:00:00,A,PC_IND,CZ06,2010,25,
ESTAT:TGS00051(1.0),16/12/21 11:00:00,A,PC_IND,CZ06,2011,22,
ESTAT:TGS00051(1.0),16/12/21 11:00:00,A,PC_IND,CZ06,2012,17,
ESTAT:TGS00051(1.0),16/12/21 11:00:00,A,PC_IND,CZ06,2013,17,
ESTAT:TGS00051(1.0),16/12/21 11:00:00,A,PC_IND,CZ06,2014,18,
ESTAT:TGS00051(1.0),16/12/21 11:00:00,A,PC_IND,CZ06,2015,15,
ESTAT:TGS00051(1.0),16/12/21 11:00:00,A,PC_IND,CZ06,2017,13,
ESTAT:TGS00051(1.0),16/12/21 11:00:00,A,PC_IND,CZ07,2007,44,
ESTAT:TGS00051(1.0),16/12/21 11:00:00,A,PC_IND,CZ07,2008,28,
ESTAT:TGS00051(1.0),16/12/21 11:00:00,A,PC_IND,CZ07,2010,26,
ESTAT:TGS00051(1.0),16/12/21 11:00:00,A,PC_IND,CZ07,2011,28,
ESTAT:TGS00051(1.0),16/12/21 11:00:00,A,PC_IND,CZ07,2012,21,
ESTAT:TGS00051(1.0),16/12/21 11:00:00,A,PC_IND,CZ07,2013,18,
ESTAT:TGS00051(1.0),16/12/21 11:00:00,A,PC_IND,CZ07,2014,17,
ESTAT:TGS00051(1.0),16/12/21 11:00:00,A,PC_IND,CZ07,2015,15,
ESTAT:TGS00051(1.0),16/12/21 11:00:00,A,PC_IND,CZ07,2017,14,
ESTAT:TGS00051(1.0),16/12/21 11:00:00,A,PC_IND,CZ08,2007,42,
ESTAT:TGS00051(1.0),16/12/21 11:00:00,A,PC_IND,CZ08,2008,33,
ESTAT:TGS00051(1.0),16/12/21 11:00:00,A,PC_IND,CZ08,2010,31,
ESTAT:TGS00051(1.0),16/12/21 11:00:00,A,PC_IND,CZ08,2011,23,
ESTAT:TGS00051(1.0),16/12/21 11:00:00,A,PC_IND,CZ08,2012,21,
ESTAT:TGS00051(1.0),16/12/21 11:00:00,A,PC_IND,CZ08,2013,21,
ESTAT:TGS00051(1.0),16/12/21 11:00:00,A,PC_IND,CZ08,2014,14,
ESTAT:TGS00051(1.0),16/12/21 11:00:00,A,PC_IND,CZ08,2015,13,
ESTAT:TGS00051(1.0),16/12/21 11:00:00,A,PC_IND,CZ08,2017,13,
ESTAT:TGS00051(1.0),16/12/21 11:00:00,A,PC_IND,DK01,2008,7,
ESTAT:TGS00051(1.0),16/12/21 11:00:00,A,PC_IND,DK01,2009,6,
ESTAT:TGS00051(1.0),16/12/21 11:00:00,A,PC_IND,DK01,2010,5,
ESTAT:TGS00051(1.0),16/12/21 11:00:00,A,PC_IND,DK01,2011,4,
ESTAT:TGS00051(1.0),16/12/21 11:00:00,A,PC_IND,DK01,2012,3,
ESTAT:TGS00051(1.0),16/12/21 11:00:00,A,PC_IND,DK01,2013,2,
ESTAT:TGS00051(1.0),16/12/21 11:00:00,A,PC_IND,DK01,2014,1,
ESTAT:TGS00051(1.0),16/12/21 11:00:00,A,PC_IND,DK01,2015,2,
ESTAT:TGS00051(1.0),16/12/21 11:00:00,A,PC_IND,DK01,2017,2,
ESTAT:TGS00051(1.0),16/12/21 11:00:00,A,PC_IND,DK02,2008,11,
ESTAT:TGS00051(1.0),16/12/21 11:00:00,A,PC_IND,DK02,2009,13,
ESTAT:TGS00051(1.0),16/12/21 11:00:00,A,PC_IND,DK02,2010,10,
ESTAT:TGS00051(1.0),16/12/21 11:00:00,A,PC_IND,DK02,2011,7,
ESTAT:TGS00051(1.0),16/12/21 11:00:00,A,PC_IND,DK02,2012,5,
ESTAT:TGS00051(1.0),16/12/21 11:00:00,A,PC_IND,DK02,2013,3,
ESTAT:TGS00051(1.0),16/12/21 11:00:00,A,PC_IND,DK02,2014,3,
ESTAT:TGS00051(1.0),16/12/21 11:00:00,A,PC_IND,DK02,2015,2,
ESTAT:TGS00051(1.0),16/12/21 11:00:00,A,PC_IND,DK02,2017,6,
ESTAT:TGS00051(1.0),16/12/21 11:00:00,A,PC_IND,DK03,2008,12,
ESTAT:TGS00051(1.0),16/12/21 11:00:00,A,PC_IND,DK03,2009,10,
ESTAT:TGS00051(1.0),16/12/21 11:00:00,A,PC_IND,DK03,2010,7,
ESTAT:TGS00051(1.0),16/12/21 11:00:00,A,PC_IND,DK03,2011,8,
ESTAT:TGS00051(1.0),16/12/21 11:00:00,A,PC_IND,DK03,2012,5,
ESTAT:TGS00051(1.0),16/12/21 11:00:00,A,PC_IND,DK03,2013,4,
ESTAT:TGS00051(1.0),16/12/21 11:00:00,A,PC_IND,DK03,2014,2,
ESTAT:TGS00051(1.0),16/12/21 11:00:00,A,PC_IND,DK03,2015,3,
ESTAT:TGS00051(1.0),16/12/21 11:00:00,A,PC_IND,DK03,2017,3,
ESTAT:TGS00051(1.0),16/12/21 11:00:00,A,PC_IND,DK04,2008,11,
ESTAT:TGS00051(1.0),16/12/21 11:00:00,A,PC_IND,DK04,2009,8,
ESTAT:TGS00051(1.0),16/12/21 11:00:00,A,PC_IND,DK04,2010,8,
ESTAT:TGS00051(1.0),16/12/21 11:00:00,A,PC_IND,DK04,2011,5,
ESTAT:TGS00051(1.0),16/12/21 11:00:00,A,PC_IND,DK04,2012,3,
ESTAT:TGS00051(1.0),16/12/21 11:00:00,A,PC_IND,DK04,2013,2,
ESTAT:TGS00051(1.0),16/12/21 11:00:00,A,PC_IND,DK04,2014,2,
ESTAT:TGS00051(1.0),16/12/21 11:00:00,A,PC_IND,DK04,2015,2,
ESTAT:TGS00051(1.0),16/12/21 11:00:00,A,PC_IND,DK04,2017,2,
ESTAT:TGS00051(1.0),16/12/21 11:00:00,A,PC_IND,DK05,2008,13,
ESTAT:TGS00051(1.0),16/12/21 11:00:00,A,PC_IND,DK05,2009,11,
ESTAT:TGS00051(1.0),16/12/21 11:00:00,A,PC_IND,DK05,2010,10,
ESTAT:TGS00051(1.0),16/12/21 11:00:00,A,PC_IND,DK05,2011,4,
ESTAT:TGS00051(1.0),16/12/21 11:00:00,A,PC_IND,DK05,2012,7,
ESTAT:TGS00051(1.0),16/12/21 11:00:00,A,PC_IND,DK05,2013,2,
ESTAT:TGS00051(1.0),16/12/21 11:00:00,A,PC_IND,DK05,2014,4,
ESTAT:TGS00051(1.0),16/12/21 11:00:00,A,PC_IND,DK05,2015,3,
ESTAT:TGS00051(1.0),16/12/21 11:00:00,A,PC_IND,DK05,2017,3,
ESTAT:TGS00051(1.0),16/12/21 11:00:00,A,PC_IND,EE00,2008,26,
ESTAT:TGS00051(1.0),16/12/21 11:00:00,A,PC_IND,EE00,2009,25,
ESTAT:TGS00051(1.0),16/12/21 11:00:00,A,PC_IND,EE00,2010,22,
ESTAT:TGS00051(1.0),16/12/21 11:00:00,A,PC_IND,EE00,2011,20,
ESTAT:TGS00051(1.0),16/12/21 11:00:00,A,PC_IND,EE00,2012,19,
ESTAT:TGS00051(1.0),16/12/21 11:00:00,A,PC_IND,EE00,2013,16,
ESTAT:TGS00051(1.0),16/12/21 11:00:00,A,PC_IND,EE00,2014,12,b
ESTAT:TGS00051(1.0),16/12/21 11:00:00,A,PC_IND,EE00,2015,8,
ESTAT:TGS00051(1.0),16/12/21 11:00:00,A,PC_IND,EE00,2017,9,
ESTAT:TGS00051(1.0),16/12/21 11:00:00,A,PC_IND,ES11,2007,46,
ESTAT:TGS00051(1.0),16/12/21 11:00:00,A,PC_IND,ES11,2008,42,
ESTAT:TGS00051(1.0),16/12/21 11:00:00,A,PC_IND,ES11,2009,41,
ESTAT:TGS00051(1.0),16/12/21 11:00:00,A,PC_IND,ES11,2010,35,
ESTAT:TGS00051(1.0),16/12/21 11:00:00,A,PC_IND,ES11,2011,33,
ESTAT:TGS00051(1.0),16/12/21 11:00:00,A,PC_IND,ES11,2012,30,
ESTAT:TGS00051(1.0),16/12/21 11:00:00,A,PC_IND,ES11,2013,27,
ESTAT:TGS00051(1.0),16/12/21 11:00:00,A,PC_IND,ES11,2014,24,
ESTAT:TGS00051(1.0),16/12/21 11:00:00,A,PC_IND,ES11,2015,23,
ESTAT:TGS00051(1.0),16/12/21 11:00:00,A,PC_IND,ES11,2017,22,
ESTAT:TGS00051(1.0),16/12/21 11:00:00,A,PC_IND,ES12,2007,37,
ESTAT:TGS00051(1.0),16/12/21 11:00:00,A,PC_IND,ES12,2008,34,
ESTAT:TGS00051(1.0),16/12/21 11:00:00,A,PC_IND,ES12,2009,35,
ESTAT:TGS00051(1.0),16/12/21 11:00:00,A,PC_IND,ES12,2010,30,
ESTAT:TGS00051(1.0),16/12/21 11:00:00,A,PC_IND,ES12,2011,28,
ESTAT:TGS00051(1.0),16/12/21 11:00:00,A,PC_IND,ES12,2012,25,
ESTAT:TGS00051(1.0),16/12/21 11:00:00,A,PC_IND,ES12,2013,23,
ESTAT:TGS00051(1.0),16/12/21 11:00:00,A,PC_IND,ES12,2014,22,
ESTAT:TGS00051(1.0),16/12/21 11:00:00,A,PC_IND,ES12,2015,20,
ESTAT:TGS00051(1.0),16/12/21 11:00:00,A,PC_IND,ES12,2017,21,
ESTAT:TGS00051(1.0),16/12/21 11:00:00,A,PC_IND,ES13,2007,40,
ESTAT:TGS00051(1.0),16/12/21 11:00:00,A,PC_IND,ES13,2008,32,
ESTAT:TGS00051(1.0),16/12/21 11:00:00,A,PC_IND,ES13,2009,32,
ESTAT:TGS00051(1.0),16/12/21 11:00:00,A,PC_IND,ES13,2010,25,
ESTAT:TGS00051(1.0),16/12/21 11:00:00,A,PC_IND,ES13,2011,24,
ESTAT:TGS00051(1.0),16/12/21 11:00:00,A,PC_IND,ES13,2012,20,
ESTAT:TGS00051(1.0),16/12/21 11:00:00,A,PC_IND,ES13,2013,20,
ESTAT:TGS00051(1.0),16/12/21 11:00:00,A,PC_IND,ES13,2014,20,
ESTAT:TGS00051(1.0),16/12/21 11:00:00,A,PC_IND,ES13,2015,17,
ESTAT:TGS00051(1.0),16/12/21 11:00:00,A,PC_IND,ES13,2017,16,
ESTAT:TGS00051(1.0),16/12/21 11:00:00,A,PC_IND,ES21,2007,35,
ESTAT:TGS00051(1.0),16/12/21 11:00:00,A,PC_IND,ES21,2008,30,
ESTAT:TGS00051(1.0),16/12/21 11:00:00,A,PC_IND,ES21,2009,28,
ESTAT:TGS00051(1.0),16/12/21 11:00:00,A,PC_IND,ES21,2010,24,
ESTAT:TGS00051(1.0),16/12/21 11:00:00,A,PC_IND,ES21,2011,23,
ESTAT:TGS00051(1.0),16/12/21 11:00:00,A,PC_IND,ES21,2012,18,
ESTAT:TGS00051(1.0),16/12/21 11:00:00,A,PC_IND,ES21,2013,17,
ESTAT:TGS00051(1.0),16/12/21 11:00:00,A,PC_IND,ES21,2014,15,
ESTAT:TGS00051(1.0),16/12/21 11:00:00,A,PC_IND,ES21,2015,14,
ESTAT:TGS00051(1.0),16/12/21 11:00:00,A,PC_IND,ES21,2017,15,
ESTAT:TGS00051(1.0),16/12/21 11:00:00,A,PC_IND,ES22,2007,34,
ESTAT:TGS00051(1.0),16/12/21 11:00:00,A,PC_IND,ES22,2008,29,
ESTAT:TGS00051(1.0),16/12/21 11:00:00,A,PC_IND,ES22,2009,26,
ESTAT:TGS00051(1.0),16/12/21 11:00:00,A,PC_IND,ES22,2010,25,
ESTAT:TGS00051(1.0),16/12/21 11:00:00,A,PC_IND,ES22,2011,24,
ESTAT:TGS00051(1.0),16/12/21 11:00:00,A,PC_IND,ES22,2012,21,
ESTAT:TGS00051(1.0),16/12/21 11:00:00,A,PC_IND,ES22,2013,20,
ESTAT:TGS00051(1.0),16/12/21 11:00:00,A,PC_IND,ES22,2014,19,
ESTAT:TGS00051(1.0),16/12/21 11:00:00,A,PC_IND,ES22,2015,15,
ESTAT:TGS00051(1.0),16/12/21 11:00:00,A,PC_IND,ES22,2017,13,
ESTAT:TGS00051(1.0),16/12/21 11:00:00,A,PC_IND,ES23,2007,39,
ESTAT:TGS00051(1.0),16/12/21 11:00:00,A,PC_IND,ES23,2008,32,
ESTAT:TGS00051(1.0),16/12/21 11:00:00,A,PC_IND,ES23,2009,35,
ESTAT:TGS00051(1.0),16/12/21 11:00:00,A,PC_IND,ES23,2010,28,
ESTAT:TGS00051(1.0),16/12/21 11:00:00,A,PC_IND,ES23,2011,25,
ESTAT:TGS00051(1.0),16/12/21 11:00:00,A,PC_IND,ES23,2012,25,
ESTAT:TGS00051(1.0),16/12/21 11:00:00,A,PC_IND,ES23,2013,24,
ESTAT:TGS00051(1.0),16/12/21 11:00:00,A,PC_IND,ES23,2014,20,
ESTAT:TGS00051(1.0),16/12/21 11:00:00,A,PC_IND,ES23,2015,18,
ESTAT:TGS00051(1.0),16/12/21 11:00:00,A,PC_IND,ES23,2017,20,
ESTAT:TGS00051(1.0),16/12/21 11:00:00,A,PC_IND,ES24,2007,32,
ESTAT:TGS00051(1.0),16/12/21 11:00:00,A,PC_IND,ES24,2008,30,
ESTAT:TGS00051(1.0),16/12/21 11:00:00,A,PC_IND,ES24,2009,28,
ESTAT:TGS00051(1.0),16/12/21 11:00:00,A,PC_IND,ES24,2010,26,
ESTAT:TGS00051(1.0),16/12/21 11:00:00,A,PC_IND,ES24,2011,21,
ESTAT:TGS00051(1.0),16/12/21 11:00:00,A,PC_IND,ES24,2012,20,
ESTAT:TGS00051(1.0),16/12/21 11:00:00,A,PC_IND,ES24,2013,18,
ESTAT:TGS00051(1.0),16/12/21 11:00:00,A,PC_IND,ES24,2014,18,
ESTAT:TGS00051(1.0),16/12/21 11:00:00,A,PC_IND,ES24,2015,16,
ESTAT:TGS00051(1.0),16/12/21 11:00:00,A,PC_IND,ES24,2017,13,
ESTAT:TGS00051(1.0),16/12/21 11:00:00,A,PC_IND,ES30,2007,28,
ESTAT:TGS00051(1.0),16/12/21 11:00:00,A,PC_IND,ES30,2008,24,
ESTAT:TGS00051(1.0),16/12/21 11:00:00,A,PC_IND,ES30,2009,26,
ESTAT:TGS00051(1.0),16/12/21 11:00:00,A,PC_IND,ES30,2010,21,
ESTAT:TGS00051(1.0),16/12/21 11:00:00,A,PC_IND,ES30,2011,19,
ESTAT:TGS00051(1.0),16/12/21 11:00:00,A,PC_IND,ES30,2012,15,
ESTAT:TGS00051(1.0),16/12/21 11:00:00,A,PC_IND,ES30,2013,14,
ESTAT:TGS00051(1.0),16/12/21 11:00:00,A,PC_IND,ES30,2014,14,
ESTAT:TGS00051(1.0),16/12/21 11:00:00,A,PC_IND,ES30,2015,11,
ESTAT:TGS00051(1.0),16/12/21 11:00:00,A,PC_IND,ES30,2017,11,
ESTAT:TGS00051(1.0),16/12/21 11:00:00,A,PC_IND,ES41,2007,38,
ESTAT:TGS00051(1.0),16/12/21 11:00:00,A,PC_IND,ES41,2008,37,
ESTAT:TGS00051(1.0),16/12/21 11:00:00,A,PC_IND,ES41,2009,36,
ESTAT:TGS00051(1.0),16/12/21 11:00:00,A,PC_IND,ES41,2010,31,
ESTAT:TGS00051(1.0),16/12/21 11:00:00,A,PC_IND,ES41,2011,28,
ESTAT:TGS00051(1.0),16/12/21 11:00:00,A,PC_IND,ES41,2012,26,
ESTAT:TGS00051(1.0),16/12/21 11:00:00,A,PC_IND,ES41,2013,22,
ESTAT:TGS00051(1.0),16/12/21 11:00:00,A,PC_IND,ES41,2014,20,
ESTAT:TGS00051(1.0),16/12/21 11:00:00,A,PC_IND,ES41,2015,19,
ESTAT:TGS00051(1.0),16/12/21 11:00:00,A,PC_IND,ES41,2017,21,
ESTAT:TGS00051(1.0),16/12/21 11:00:00,A,PC_IND,ES42,2007,46,
ESTAT:TGS00051(1.0),16/12/21 11:00:00,A,PC_IND,ES42,2008,39,
ESTAT:TGS00051(1.0),16/12/21 11:00:00,A,PC_IND,ES42,2009,39,
ESTAT:TGS00051(1.0),16/12/21 11:00:00,A,PC_IND,ES42,2010,30,
ESTAT:TGS00051(1.0),16/12/21 11:00:00,A,PC_IND,ES42,2011,32,
ESTAT:TGS00051(1.0),16/12/21 11:00:00,A,PC_IND,ES42,2012,27,
ESTAT:TGS00051(1.0),16/12/21 11:00:00,A,PC_IND,ES42,2013,28,
ESTAT:TGS00051(1.0),16/12/21 11:00:00,A,PC_IND,ES42,2014,24,
ESTAT:TGS00051(1.0),16/12/21 11:00:00,A,PC_IND,ES42,2015,22,
ESTAT:TGS00051(1.0),16/12/21 11:00:00,A,PC_IND,ES42,2017,23,
ESTAT:TGS00051(1.0),16/12/21 11:00:00,A,PC_IND,ES43,2007,46,
ESTAT:TGS00051(1.0),16/12/21 11:00:00,A,PC_IND,ES43,2008,40,
ESTAT:TGS00051(1.0),16/12/21 11:00:00,A,PC_IND,ES43,2009,41,
ESTAT:TGS00051(1.0),16/12/21 11:00:00,A,PC_IND,ES43,2010,33,
ESTAT:TGS00051(1.0),16/12/21 11:00:00,A,PC_IND,ES43,2011,33,
ESTAT:TGS00051(1.0),16/12/21 11:00:00,A,PC_IND,ES43,2012,31,
ESTAT:TGS00051(1.0),16/12/21 11:00:00,A,PC_IND,ES43,2013,28,
ESTAT:TGS00051(1.0),16/12/21 11:00:00,A,PC_IND,ES43,2014,29,
ESTAT:TGS00051(1.0),16/12/21 11:00:00,A,PC_IND,ES43,2015,26,
ESTAT:TGS00051(1.0),16/12/21 11:00:00,A,PC_IND,ES43,2017,25,
ESTAT:TGS00051(1.0),16/12/21 11:00:00,A,PC_IND,ES51,2007,33,
ESTAT:TGS00051(1.0),16/12/21 11:00:00,A,PC_IND,ES51,2008,28,
ESTAT:TGS00051(1.0),16/12/21 11:00:00,A,PC_IND,ES51,2009,26,
ESTAT:TGS00051(1.0),16/12/21 11:00:00,A,PC_IND,ES51,2010,23,
ESTAT:TGS00051(1.0),16/12/21 11:00:00,A,PC_IND,ES51,2011,23,
ESTAT:TGS00051(1.0),16/12/21 11:00:00,A,PC_IND,ES51,2012,19,
ESTAT:TGS00051(1.0),16/12/21 11:00:00,A,PC_IND,ES51,2013,18,
ESTAT:TGS00051(1.0),16/12/21 11:00:00,A,PC_IND,ES51,2014,15,
ESTAT:TGS00051(1.0),16/12/21 11:00:00,A,PC_IND,ES51,2015,14,
ESTAT:TGS00051(1.0),16/12/21 11:00:00,A,PC_IND,ES51,2017,16,
ESTAT:TGS00051(1.0),16/12/21 11:00:00,A,PC_IND,ES52,2007,37,
ESTAT:TGS00051(1.0),16/12/21 11:00:00,A,PC_IND,ES52,2008,36,
ESTAT:TGS00051(1.0),16/12/21 11:00:00,A,PC_IND,ES52,2009,32,
ESTAT:TGS00051(1.0),16/12/21 11:00:00,A,PC_IND,ES52,2010,28,
ESTAT:TGS00051(1.0),16/12/21 11:00:00,A,PC_IND,ES52,2011,26,
ESTAT:TGS00051(1.0),16/12/21 11:00:00,A,PC_IND,ES52,2012,25,
ESTAT:TGS00051(1.0),16/12/21 11:00:00,A,PC_IND,ES52,2013,24,
ESTAT:TGS00051(1.0),16/12/21 11:00:00,A,PC_IND,ES52,2014,23,
ESTAT:TGS00051(1.0),16/12/21 11:00:00,A,PC_IND,ES52,2015,19,
ESTAT:TGS00051(1.0),16/12/21 11:00:00,A,PC_IND,ES52,2017,18,
ESTAT:TGS00051(1.0),16/12/21 11:00:00,A,PC_IND,ES53,2007,37,
ESTAT:TGS00051(1.0),16/12/21 11:00:00,A,PC_IND,ES53,2008,30,
ESTAT:TGS00051(1.0),16/12/21 11:00:00,A,PC_IND,ES53,2009,28,
ESTAT:TGS00051(1.0),16/12/21 11:00:00,A,PC_IND,ES53,2010,20,
ESTAT:TGS00051(1.0),16/12/21 11:00:00,A,PC_IND,ES53,2011,24,
ESTAT:TGS00051(1.0),16/12/21 11:00:00,A,PC_IND,ES53,2012,22,
ESTAT:TGS00051(1.0),16/12/21 11:00:00,A,PC_IND,ES53,2013,16,
ESTAT:TGS00051(1.0),16/12/21 11:00:00,A,PC_IND,ES53,2014,16,
ESTAT:TGS00051(1.0),16/12/21 11:00:00,A,PC_IND,ES53,2015,16,
ESTAT:TGS00051(1.0),16/12/21 11:00:00,A,PC_IND,ES53,2017,14,
ESTAT:TGS00051(1.0),16/12/21 11:00:00,A,PC_IND,ES61,2007,41,
ESTAT:TGS00051(1.0),16/12/21 11:00:00,A,PC_IND,ES61,2008,38,
ESTAT:TGS00051(1.0),16/12/21 11:00:00,A,PC_IND,ES61,2009,34,
ESTAT:TGS00051(1.0),16/12/21 11:00:00,A,PC_IND,ES61,2010,30,
ESTAT:TGS00051(1.0),16/12/21 11:00:00,A,PC_IND,ES61,2011,29,
ESTAT:TGS00051(1.0),16/12/21 11:00:00,A,PC_IND,ES61,2012,25,
ESTAT:TGS00051(1.0),16/12/21 11:00:00,A,PC_IND,ES61,2013,26,
ESTAT:TGS00051(1.0),16/12/21 11:00:00,A,PC_IND,ES61,2014,26,
ESTAT:TGS00051(1.0),16/12/21 11:00:00,A,PC_IND,ES61,2015,25,
ESTAT:TGS00051(1.0),16/12/21 11:00:00,A,PC_IND,ES61,2017,23,
ESTAT:TGS00051(1.0),16/12/21 11:00:00,A,PC_IND,ES62,2007,48,
ESTAT:TGS00051(1.0),16/12/21 11:00:00,A,PC_IND,ES62,2008,41,
ESTAT:TGS00051(1.0),16/12/21 11:00:00,A,PC_IND,ES62,2009,39,
ESTAT:TGS00051(1.0),16/12/21 11:00:00,A,PC_IND,ES62,2010,30,
ESTAT:TGS00051(1.0),16/12/21 11:00:00,A,PC_IND,ES62,2011,31,
ESTAT:TGS00051(1.0),16/12/21 11:00:00,A,PC_IND,ES62,2012,24,
ESTAT:TGS00051(1.0),16/12/21 11:00:00,A,PC_IND,ES62,2013,24,
ESTAT:TGS00051(1.0),16/12/21 11:00:00,A,PC_IND,ES62,2014,22,
ESTAT:TGS00051(1.0),16/12/21 11:00:00,A,PC_IND,ES62,2015,21,
ESTAT:TGS00051(1.0),16/12/21 11:00:00,A,PC_IND,ES62,2017,20,
ESTAT:TGS00051(1.0),16/12/21 11:00:00,A,PC_IND,ES63,2007,42,
ESTAT:TGS00051(1.0),16/12/21 11:00:00,A,PC_IND,ES63,2008,39,
ESTAT:TGS00051(1.0),16/12/21 11:00:00,A,PC_IND,ES63,2009,36,
ESTAT:TGS00051(1.0),16/12/21 11:00:00,A,PC_IND,ES63,2010,34,
ESTAT:TGS00051(1.0),16/12/21 11:00:00,A,PC_IND,ES63,2011,22,
ESTAT:TGS00051(1.0),16/12/21 11:00:00,A,PC_IND,ES63,2012,33,
ESTAT:TGS00051(1.0),16/12/21 11:00:00,A,PC_IND,ES63,2013,16,
ESTAT:TGS00051(1.0),16/12/21 11:00:00,A,PC_IND,ES63,2014,15,
ESTAT:TGS00051(1.0),16/12/21 11:00:00,A,PC_IND,ES63,2015,14,
ESTAT:TGS00051(1.0),16/12/21 11:00:00,A,PC_IND,ES63,2017,20,
ESTAT:TGS00051(1.0),16/12/21 11:00:00,A,PC_IND,ES64,2007,34,
ESTAT:TGS00051(1.0),16/12/21 11:00:00,A,PC_IND,ES64,2008,31,
ESTAT:TGS00051(1.0),16/12/21 11:00:00,A,PC_IND,ES64,2009,33,
ESTAT:TGS00051(1.0),16/12/21 11:00:00,A,PC_IND,ES64,2010,26,
ESTAT:TGS00051(1.0),16/12/21 11:00:00,A,PC_IND,ES64,2011,26,
ESTAT:TGS00051(1.0),16/12/21 11:00:00,A,PC_IND,ES64,2012,39,
ESTAT:TGS00051(1.0),16/12/21 11:00:00,A,PC_IND,ES64,2013,36,
ESTAT:TGS00051(1.0),16/12/21 11:00:00,A,PC_IND,ES64,2014,28,
ESTAT:TGS00051(1.0),16/12/21 11:00:00,A,PC_IND,ES64,2015,24,
ESTAT:TGS00051(1.0),16/12/21 11:00:00,A,PC_IND,ES64,2017,17,
ESTAT:TGS00051(1.0),16/12/21 11:00:00,A,PC_IND,ES70,2007,33,
ESTAT:TGS00051(1.0),16/12/21 11:00:00,A,PC_IND,ES70,2008,32,
ESTAT:TGS00051(1.0),16/12/21 11:00:00,A,PC_IND,ES70,2009,32,
ESTAT:TGS00051(1.0),16/12/21 11:00:00,A,PC_IND,ES70,2010,34,
ESTAT:TGS00051(1.0),16/12/21 11:00:00,A,PC_IND,ES70,2011,33,
ESTAT:TGS00051(1.0),16/12/21 11:00:00,A,PC_IND,ES70,2012,23,
ESTAT:TGS00051(1.0),16/12/21 11:00:00,A,PC_IND,ES70,2013,24,
ESTAT:TGS00051(1.0),16/12/21 11:00:00,A,PC_IND,ES70,2014,21,
ESTAT:TGS00051(1.0),16/12/21 11:00:00,A,PC_IND,ES70,2015,21,
ESTAT:TGS00051(1.0),16/12/21 11:00:00,A,PC_IND,ES70,2017,21,
ESTAT:TGS00051(1.0),16/12/21 11:00:00,A,PC_IND,FI19,2006,12,
ESTAT:TGS00051(1.0),16/12/21 11:00:00,A,PC_IND,FI19,2007,12,
ESTAT:TGS00051(1.0),16/12/21 11:00:00,A,PC_IND,FI19,2008,9,
ESTAT:TGS00051(1.0),16/12/21 11:00:00,A,PC_IND,FI19,2009,12,
ESTAT:TGS00051(1.0),16/12/21 11:00:00,A,PC_IND,FI19,2010,10,
ESTAT:TGS00051(1.0),16/12/21 11:00:00,A,PC_IND,FI19,2011,8,
ESTAT:TGS00051(1.0),16/12/21 11:00:00,A,PC_IND,FI19,2012,6,
ESTAT:TGS00051(1.0),16/12/21 11:00:00,A,PC_IND,FI19,2013,6,
ESTAT:TGS00051(1.0),16/12/21 11:00:00,A,PC_IND,FI19,2014,4,
ESTAT:TGS00051(1.0),16/12/21 11:00:00,A,PC_IND,FI19,2015,5,
ESTAT:TGS00051(1.0),16/12/21 11:00:00,A,PC_IND,FI19,2017,4,
ESTAT:TGS00051(1.0),16/12/21 11:00:00,A,PC_IND,FI1B,2012,3,
ESTAT:TGS00051(1.0),16/12/21 11:00:00,A,PC_IND,FI1B,2013,2,
ESTAT:TGS00051(1.0),16/12/21 11:00:00,A,PC_IND,FI1B,2014,3,
ESTAT:TGS00051(1.0),16/12/21 11:00:00,A,PC_IND,FI1B,2015,1,
ESTAT:TGS00051(1.0),16/12/21 11:00:00,A,PC_IND,FI1B,2017,2,
ESTAT:TGS00051(1.0),16/12/21 11:00:00,A,PC_IND,FI1C,2012,6,
ESTAT:TGS00051(1.0),16/12/21 11:00:00,A,PC_IND,FI1C,2013,5,
ESTAT:TGS00051(1.0),16/12/21 11:00:00,A,PC_IND,FI1C,2014,5,
ESTAT:TGS00051(1.0),16/12/21 11:00:00,A,PC_IND,FI1C,2015,4,
ESTAT:TGS00051(1.0),16/12/21 11:00:00,A,PC_IND,FI1C,2017,5,
ESTAT:TGS00051(1.0),16/12/21 11:00:00,A,PC_IND,FI1D,2006,14,
ESTAT:TGS00051(1.0),16/12/21 11:00:00,A,PC_IND,FI1D,2007,17,
ESTAT:TGS00051(1.0),16/12/21 11:00:00,A,PC_IND,FI1D,2008,12,
ESTAT:TGS00051(1.0),16/12/21 11:00:00,A,PC_IND,FI1D,2009,13,
ESTAT:TGS00051(1.0),16/12/21 11:00:00,A,PC_IND,FI1D,2010,9,
ESTAT:TGS00051(1.0),16/12/21 11:00:00,A,PC_IND,FI1D,2011,7,
ESTAT:TGS00051(1.0),16/12/21 11:00:00,A,PC_IND,FI1D,2012,7,
ESTAT:TGS00051(1.0),16/12/21 11:00:00,A,PC_IND,FI1D,2013,7,
ESTAT:TGS00051(1.0),16/12/21 11:00:00,A,PC_IND,FI1D,2014,6,
ESTAT:TGS00051(1.0),16/12/21 11:00:00,A,PC_IND,FI1D,2015,6,
ESTAT:TGS00051(1.0),16/12/21 11:00:00,A,PC_IND,FI1D,2017,7,
ESTAT:TGS00051(1.0),16/12/21 11:00:00,A,PC_IND,FI20,2007,7,
ESTAT:TGS00051(1.0),16/12/21 11:00:00,A,PC_IND,FR10,2014,8,
ESTAT:TGS00051(1.0),16/12/21 11:00:00,A,PC_IND,FR10,2015,7,
ESTAT:TGS00051(1.0),16/12/21 11:00:00,A,PC_IND,FR10,2017,6,
ESTAT:TGS00051(1.0),16/12/21 11:00:00,A,PC_IND,FRB0,2014,13,
ESTAT:TGS00051(1.0),16/12/21 11:00:00,A,PC_IND,FRB0,2015,10,
ESTAT:TGS00051(1.0),16/12/21 11:00:00,A,PC_IND,FRB0,2017,10,
ESTAT:TGS00051(1.0),16/12/21 11:00:00,A,PC_IND,FRC1,2014,13,
ESTAT:TGS00051(1.0),16/12/21 11:00:00,A,PC_IND,FRC1,2015,13,
ESTAT:TGS00051(1.0),16/12/21 11:00:00,A,PC_IND,FRC1,2017,7,
ESTAT:TGS00051(1.0),16/12/21 11:00:00,A,PC_IND,FRC2,2014,10,
ESTAT:TGS00051(1.0),16/12/21 11:00:00,A,PC_IND,FRC2,2015,13,
ESTAT:TGS00051(1.0),16/12/21 11:00:00,A,PC_IND,FRC2,2017,14,
ESTAT:TGS00051(1.0),16/12/21 11:00:00,A,PC_IND,FRD1,2014,16,
ESTAT:TGS00051(1.0),16/12/21 11:00:00,A,PC_IND,FRD1,2015,11,
ESTAT:TGS00051(1.0),16/12/21 11:00:00,A,PC_IND,FRD1,2017,12,
ESTAT:TGS00051(1.0),16/12/21 11:00:00,A,PC_IND,FRD2,2014,16,
ESTAT:TGS00051(1.0),16/12/21 11:00:00,A,PC_IND,FRD2,2015,11,
ESTAT:TGS00051(1.0),16/12/21 11:00:00,A,PC_IND,FRD2,2017,8,
ESTAT:TGS00051(1.0),16/12/21 11:00:00,A,PC_IND,FRE1,2014,11,
ESTAT:TGS00051(1.0),16/12/21 11:00:00,A,PC_IND,FRE1,2015,13,
ESTAT:TGS00051(1.0),16/12/21 11:00:00,A,PC_IND,FRE1,2017,11,
ESTAT:TGS00051(1.0),16/12/21 11:00:00,A,PC_IND,FRE2,2014,12,
ESTAT:TGS00051(1.0),16/12/21 11:00:00,A,PC_IND,FRE2,2015,11,
ESTAT:TGS00051(1.0),16/12/21 11:00:00,A,PC_IND,FRE2,2017,13,
ESTAT:TGS00051(1.0),16/12/21 11:00:00,A,PC_IND,FRF1,2014,13,
ESTAT:TGS00051(1.0),16/12/21 11:00:00,A,PC_IND,FRF1,2015,9,
ESTAT:TGS00051(1.0),16/12/21 11:00:00,A,PC_IND,FRF1,2017,8,
ESTAT:TGS00051(1.0),16/12/21 11:00:00,A,PC_IND,FRF2,2014,13,
ESTAT:TGS00051(1.0),16/12/21 11:00:00,A,PC_IND,FRF2,2015,11,
ESTAT:TGS00051(1.0),16/12/21 11:00:00,A,PC_IND,FRF2,2017,11,
ESTAT:TGS00051(1.0),16/12/21 11:00:00,A,PC_IND,FRF3,2014,13,
ESTAT:TGS00051(1.0),16/12/21 11:00:00,A,PC_IND,FRF3,2015,7,
ESTAT:TGS00051(1.0),16/12/21 11:00:00,A,PC_IND,FRF3,2017,13,
ESTAT:TGS00051(1.0),16/12/21 11:00:00,A,PC_IND,FRG0,2014,8,
ESTAT:TGS00051(1.0),16/12/21 11:00:00,A,PC_IND,FRG0,2015,9,
ESTAT:TGS00051(1.0),16/12/21 11:00:00,A,PC_IND,FRG0,2017,8,
ESTAT:TGS00051(1.0),16/12/21 11:00:00,A,PC_IND,FRH0,2014,13,
ESTAT:TGS00051(1.0),16/12/21 11:00:00,A,PC_IND,FRH0,2015,12,
ESTAT:TGS00051(1.0),16/12/21 11:00:00,A,PC_IND,FRH0,2017,10,
ESTAT:TGS00051(1.0),16/12/21 11:00:00,A,PC_IND,FRI1,2014,7,
ESTAT:TGS00051(1.0),16/12/21 11:00:00,A,PC_IND,FRI1,2015,8,
ESTAT:TGS00051(1.0),16/12/21 11:00:00,A,PC_IND,FRI1,2017,9,
ESTAT:TGS00051(1.0),16/12/21 11:00:00,A,PC_IND,FRI2,2014,11,
ESTAT:TGS00051(1.0),16/12/21 11:00:00,A,PC_IND,FRI2,2015,9,
ESTAT:TGS00051(1.0),16/12/21 11:00:00,A,PC_IND,FRI2,2017,19,
ESTAT:TGS00051(1.0),16/12/21 11:00:00,A,PC_IND,FRI3,2014,13,
ESTAT:TGS00051(1.0),16/12/21 11:00:00,A,PC_IND,FRI3,2015,10,
ESTAT:TGS00051(1.0),16/12/21 11:00:00,A,PC_IND,FRI3,2017,15,
ESTAT:TGS00051(1.0),16/12/21 11:00:00,A,PC_IND,FRJ1,2014,9,
ESTAT:TGS00051(1.0),16/12/21 11:00:00,A,PC_IND,FRJ1,2015,14,
ESTAT:TGS00051(1.0),16/12/21 11:00:00,A,PC_IND,FRJ1,2017,10,
ESTAT:TGS00051(1.0),16/12/21 11:00:00,A,PC_IND,FRJ2,2014,12,
ESTAT:TGS00051(1.0),16/12/21 11:00:00,A,PC_IND,FRJ2,2015,7,
ESTAT:TGS00051(1.0),16/12/21 11:00:00,A,PC_IND,FRJ2,2017,11,
ESTAT:TGS00051(1.0),16/12/21 11:00:00,A,PC_IND,FRK1,2014,17,
ESTAT:TGS00051(1.0),16/12/21 11:00:00,A,PC_IND,FRK1,2015,13,
ESTAT:TGS00051(1.0),16/12/21 11:00:00,A,PC_IND,FRK1,2017,12,
ESTAT:TGS00051(1.0),16/12/21 11:00:00,A,PC_IND,FRK2,2014,9,
ESTAT:TGS00051(1.0),16/12/21 11:00:00,A,PC_IND,FRK2,2015,9,
ESTAT:TGS00051(1.0),16/12/21 11:00:00,A,PC_IND,FRK2,2017,9,
ESTAT:TGS00051(1.0),16/12/21 11:00:00,A,PC_IND,FRL0,2014,11,
ESTAT:TGS00051(1.0),16/12/21 11:00:00,A,PC_IND,FRL0,2015,8,
ESTAT:TGS00051(1.0),16/12/21 11:00:00,A,PC_IND,FRL0,2017,8,
ESTAT:TGS00051(1.0),16/12/21 11:00:00,A,PC_IND,FRM0,2014,21,u
ESTAT:TGS00051(1.0),16/12/21 11:00:00,A,PC_IND,FRM0,2015,29,u
ESTAT:TGS00051(1.0),16/12/21 11:00:00,A,PC_IND,FRM0,2017,11,u
ESTAT:TGS00051(1.0),16/12/21 11:00:00,A,PC_IND,FRY1,2015,16,
ESTAT:TGS00051(1.0),16/12/21 11:00:00,A,PC_IND,FRY1,2017,26,
ESTAT:TGS00051(1.0),16/12/21 11:00:00,A,PC_IND,FRY2,2015,26,
ESTAT:TGS00051(1.0),16/12/21 11:00:00,A,PC_IND,FRY2,2017,20,
ESTAT:TGS00051(1.0),16/12/21 11:00:00,A,PC_IND,FRY3,2015,13,
ESTAT:TGS00051(1.0),16/12/21 11:00:00,A,PC_IND,FRY3,2017,16,
ESTAT:TGS00051(1.0),16/12/21 11:00:00,A,PC_IND,FRY4,2015,21,
ESTAT:TGS00051(1.0),16/12/21 11:00:00,A,PC_IND,FRY4,2017,28,
ESTAT:TGS00051(1.0),16/12/21 11:00:00,A,PC_IND,HR03,2008,45,
ESTAT:TGS00051(1.0),16/12/21 11:00:00,A,PC_IND,HR03,2009,41,
ESTAT:TGS00051(1.0),16/12/21 11:00:00,A,PC_IND,HR03,2010,33,
ESTAT:TGS00051(1.0),16/12/21 11:00:00,A,PC_IND,HR03,2011,32,
ESTAT:TGS00051(1.0),16/12/21 11:00:00,A,PC_IND,HR03,2012,30,
ESTAT:TGS00051(1.0),16/12/21 11:00:00,A,PC_IND,HR03,2013,26,
ESTAT:TGS00051(1.0),16/12/21 11:00:00,A,PC_IND,HR03,2014,27,
ESTAT:TGS00051(1.0),16/12/21 11:00:00,A,PC_IND,HR03,2015,24,
ESTAT:TGS00051(1.0),16/12/21 11:00:00,A,PC_IND,HR03,2017,34,
ESTAT:TGS00051(1.0),16/12/21 11:00:00,A,PC_IND,HR04,2008,50,
ESTAT:TGS00051(1.0),16/12/21 11:00:00,A,PC_IND,HR04,2009,43,
ESTAT:TGS00051(1.0),16/12/21 11:00:00,A,PC_IND,HR04,2010,40,
ESTAT:TGS00051(1.0),16/12/21 11:00:00,A,PC_IND,HR04,2011,37,
ESTAT:TGS00051(1.0),16/12/21 11:00:00,A,PC_IND,HR04,2012,31,
ESTAT:TGS00051(1.0),16/12/21 11:00:00,A,PC_IND,HR04,2013,26,
ESTAT:TGS00051(1.0),16/12/21 11:00:00,A,PC_IND,HR04,2014,27,
ESTAT:TGS00051(1.0),16/12/21 11:00:00,A,PC_IND,HR04,2015,27,
ESTAT:TGS00051(1.0),16/12/21 11:00:00,A,PC_IND,HR04,2017,27,
ESTAT:TGS00051(1.0),16/12/21 11:00:00,A,PC_IND,HU10,2008,25,
ESTAT:TGS00051(1.0),16/12/21 11:00:00,A,PC_IND,HU10,2010,23,
ESTAT:TGS00051(1.0),16/12/21 11:00:00,A,PC_IND,HU10,2011,19,
ESTAT:TGS00051(1.0),16/12/21 11:00:00,A,PC_IND,HU10,2012,16,
ESTAT:TGS00051(1.0),16/12/21 11:00:00,A,PC_IND,HU10,2013,16,
ESTAT:TGS00051(1.0),16/12/21 11:00:00,A,PC_IND,HU10,2014,15,
ESTAT:TGS00051(1.0),16/12/21 11:00:00,A,PC_IND,HU10,2015,13,
ESTAT:TGS00051(1.0),16/12/21 11:00:00,A,PC_IND,HU10,2017,10,
ESTAT:TGS00051(1.0),16/12/21 11:00:00,A,PC_IND,HU21,2008,31,
ESTAT:TGS00051(1.0),16/12/21 11:00:00,A,PC_IND,HU21,2010,29,
ESTAT:TGS00051(1.0),16/12/21 11:00:00,A,PC_IND,HU21,2011,25,
ESTAT:TGS00051(1.0),16/12/21 11:00:00,A,PC_IND,HU21,2012,23,
ESTAT:TGS00051(1.0),16/12/21 11:00:00,A,PC_IND,HU21,2013,21,
ESTAT:TGS00051(1.0),16/12/21 11:00:00,A,PC_IND,HU21,2014,18,
ESTAT:TGS00051(1.0),16/12/21 11:00:00,A,PC_IND,HU21,2015,17,
ESTAT:TGS00051(1.0),16/12/21 11:00:00,A,PC_IND,HU21,2017,14,
ESTAT:TGS00051(1.0),16/12/21 11:00:00,A,PC_IND,HU22,2008,29,
ESTAT:TGS00051(1.0),16/12/21 11:00:00,A,PC_IND,HU22,2010,27,
ESTAT:TGS00051(1.0),16/12/21 11:00:00,A,PC_IND,HU22,2011,25,
ESTAT:TGS00051(1.0),16/12/21 11:00:00,A,PC_IND,HU22,2012,25,
ESTAT:TGS00051(1.0),16/12/21 11:00:00,A,PC_IND,HU22,2013,23,
ESTAT:TGS00051(1.0),16/12/21 11:00:00,A,PC_IND,HU22,2014,21,
ESTAT:TGS00051(1.0),16/12/21 11:00:00,A,PC_IND,HU22,2015,19,
ESTAT:TGS00051(1.0),16/12/21 11:00:00,A,PC_IND,HU22,2017,18,
ESTAT:TGS00051(1.0),16/12/21 11:00:00,A,PC_IND,HU23,2008,35,
ESTAT:TGS00051(1.0),16/12/21 11:00:00,A,PC_IND,HU23,2010,36,
ESTAT:TGS00051(1.0),16/12/21 11:00:00,A,PC_IND,HU23,2011,31,
ESTAT:TGS00051(1.0),16/12/21 11:00:00,A,PC_IND,HU23,2012,29,
ESTAT:TGS00051(1.0),16/12/21 11:00:00,A,PC_IND,HU23,2013,27,
ESTAT:TGS00051(1.0),16/12/21 11:00:00,A,PC_IND,HU23,2014,23,
ESTAT:TGS00051(1.0),16/12/21 11:00:00,A,PC_IND,HU23,2015,23,
ESTAT:TGS00051(1.0),16/12/21 11:00:00,A,PC_IND,HU23,2017,20,
ESTAT:TGS00051(1.0),16/12/21 11:00:00,A,PC_IND,HU31,2008,37,
ESTAT:TGS00051(1.0),16/12/21 11:00:00,A,PC_IND,HU31,2010,34,
ESTAT:TGS00051(1.0),16/12/21 11:00:00,A,PC_IND,HU31,2011,30,
ESTAT:TGS00051(1.0),16/12/21 11:00:00,A,PC_IND,HU31,2012,31,
ESTAT:TGS00051(1.0),16/12/21 11:00:00,A,PC_IND,HU31,2013,28,
ESTAT:TGS00051(1.0),16/12/21 11:00:00,A,PC_IND,HU31,2014,25,
ESTAT:TGS00051(1.0),16/12/21 11:00:00,A,PC_IND,HU31,2015,27,
ESTAT:TGS00051(1.0),16/12/21 11:00:00,A,PC_IND,HU31,2017,22,
ESTAT:TGS00051(1.0),16/12/21 11:00:00,A,PC_IND,HU32,2008,40,
ESTAT:TGS00051(1.0),16/12/21 11:00:00,A,PC_IND,HU32,2010,37,
ESTAT:TGS00051(1.0),16/12/21 11:00:00,A,PC_IND,HU32,2011,34,
ESTAT:TGS00051(1.0),16/12/21 11:00:00,A,PC_IND,HU32,2012,30,
ESTAT:TGS00051(1.0),16/12/21 11:00:00,A,PC_IND,HU32,2013,28,
ESTAT:TGS00051(1.0),16/12/21 11:00:00,A,PC_IND,HU32,2014,27,
ESTAT:TGS00051(1.0),16/12/21 11:00:00,A,PC_IND,HU32,2015,26,
ESTAT:TGS00051(1.0),16/12/21 11:00:00,A,PC_IND,HU32,2017,23,
ESTAT:TGS00051(1.0),16/12/21 11:00:00,A,PC_IND,HU33,2008,37,
ESTAT:TGS00051(1.0),16/12/21 11:00:00,A,PC_IND,HU33,2010,36,
ESTAT:TGS00051(1.0),16/12/21 11:00:00,A,PC_IND,HU33,2011,32,
ESTAT:TGS00051(1.0),16/12/21 11:00:00,A,PC_IND,HU33,2012,29,
ESTAT:TGS00051(1.0),16/12/21 11:00:00,A,PC_IND,HU33,2013,29,
ESTAT:TGS00051(1.0),16/12/21 11:00:00,A,PC_IND,HU33,2014,26,
ESTAT:TGS00051(1.0),16/12/21 11:00:00,A,PC_IND,HU33,2015,26,
ESTAT:TGS00051(1.0),16/12/21 11:00:00,A,PC_IND,HU33,2017,23,
ESTAT:TGS00051(1.0),16/12/21 11:00:00,A,PC_IND,IE01,2008,31,
ESTAT:TGS00051(1.0),16/12/21 11:00:00,A,PC_IND,IE01,2009,33,
ESTAT:TGS00051(1.0),16/12/21 11:00:00,A,PC_IND,IE01,2010,29,
ESTAT:TGS00051(1.0),16/12/21 11:00:00,A,PC_IND,IE01,2011,23,
ESTAT:TGS00051(1.0),16/12/21 11:00:00,A,PC_IND,IE01,2012,21,
ESTAT:TGS00051(1.0),16/12/21 11:00:00,A,PC_IND,IE01,2013,20,
ESTAT:TGS00051(1.0),16/12/21 11:00:00,A,PC_IND,IE01,2014,20,
ESTAT:TGS00051(1.0),16/12/21 11:00:00,A,PC_IND,IE01,2015,20,
ESTAT:TGS00051(1.0),16/12/21 11:00:00,A,PC_IND,IE01,2017,22,
ESTAT:TGS00051(1.0),16/12/21 11:00:00,A,PC_IND,IE02,2008,24,
ESTAT:TGS00051(1.0),16/12/21 11:00:00,A,PC_IND,IE02,2009,24,
ESTAT:TGS00051(1.0),16/12/21 11:00:00,A,PC_IND,IE02,2010,22,
ESTAT:TGS00051(1.0),16/12/21 11:00:00,A,PC_IND,IE02,2011,17,
ESTAT:TGS00051(1.0),16/12/21 11:00:00,A,PC_IND,IE02,2012,15,
ESTAT:TGS00051(1.0),16/12/21 11:00:00,A,PC_IND,IE02,2013,15,
ESTAT:TGS00051(1.0),16/12/21 11:00:00,A,PC_IND,IE02,2014,14,
ESTAT:TGS00051(1.0),16/12/21 11:00:00,A,PC_IND,IE02,2015,15,
ESTAT:TGS00051(1.0),16/12/21 11:00:00,A,PC_IND,IE02,2017,16,
ESTAT:TGS00051(1.0),16/12/21 11:00:00,A,PC_IND,IS00,2009,4,
ESTAT:TGS00051(1.0),16/12/21 11:00:00,A,PC_IND,IS00,2017,1,
ESTAT:TGS00051(1.0),16/12/21 11:00:00,A,PC_IND,ITC1,2006,53,
ESTAT:TGS00051(1.0),16/12/21 11:00:00,A,PC_IND,ITC1,2007,47,
ESTAT:TGS00051(1.0),16/12/21 11:00:00,A,PC_IND,ITC1,2008,43,
ESTAT:TGS00051(1.0),16/12/21 11:00:00,A,PC_IND,ITC1,2009,41,
ESTAT:TGS00051(1.0),16/12/21 11:00:00,A,PC_IND,ITC1,2010,35,
ESTAT:TGS00051(1.0),16/12/21 11:00:00,A,PC_IND,ITC1,2011,33,
ESTAT:TGS00051(1.0),16/12/21 11:00:00,A,PC_IND,ITC1,2012,34,
ESTAT:TGS00051(1.0),16/12/21 11:00:00,A,PC_IND,ITC1,2013,35,
ESTAT:TGS00051(1.0),16/12/21 11:00:00,A,PC_IND,ITC1,2014,31,
ESTAT:TGS00051(1.0),16/12/21 11:00:00,A,PC_IND,ITC1,2015,30,
ESTAT:TGS00051(1.0),16/12/21 11:00:00,A,PC_IND,ITC1,2017,29,
ESTAT:TGS00051(1.0),16/12/21 11:00:00,A,PC_IND,ITC2,2006,51,
ESTAT:TGS00051(1.0),16/12/21 11:00:00,A,PC_IND,ITC2,2007,46,
ESTAT:TGS00051(1.0),16/12/21 11:00:00,A,PC_IND,ITC2,2008,41,
ESTAT:TGS00051(1.0),16/12/21 11:00:00,A,PC_IND,ITC2,2009,41,
ESTAT:TGS00051(1.0),16/12/21 11:00:00,A,PC_IND,ITC2,2010,35,
ESTAT:TGS00051(1.0),16/12/21 11:00:00,A,PC_IND,ITC2,2011,33,
ESTAT:TGS00051(1.0),16/12/21 11:00:00,A,PC_IND,ITC2,2012,29,
ESTAT:TGS00051(1.0),16/12/21 11:00:00,A,PC_IND,ITC2,2013,29,
ESTAT:TGS00051(1.0),16/12/21 11:00:00,A,PC_IND,ITC2,2014,30,
ESTAT:TGS00051(1.0),16/12/21 11:00:00,A,PC_IND,ITC2,2015,26,
ESTAT:TGS00051(1.0),16/12/21 11:00:00,A,PC_IND,ITC2,2017,27,
ESTAT:TGS00051(1.0),16/12/21 11:00:00,A,PC_IND,ITC3,2006,54,
ESTAT:TGS00051(1.0),16/12/21 11:00:00,A,PC_IND,ITC3,2007,50,
ESTAT:TGS00051(1.0),16/12/21 11:00:00,A,PC_IND,ITC3,2008,47,
ESTAT:TGS00051(1.0),16/12/21 11:00:00,A,PC_IND,ITC3,2009,43,
ESTAT:TGS00051(1.0),16/12/21 11:00:00,A,PC_IND,ITC3,2010,36,
ESTAT:TGS00051(1.0),16/12/21 11:00:00,A,PC_IND,ITC3,2011,37,
ESTAT:TGS00051(1.0),16/12/21 11:00:00,A,PC_IND,ITC3,2012,32,
ESTAT:TGS00051(1.0),16/12/21 11:00:00,A,PC_IND,ITC3,2013,32,
ESTAT:TGS00051(1.0),16/12/21 11:00:00,A,PC_IND,ITC3,2014,28,
ESTAT:TGS00051(1.0),16/12/21 11:00:00,A,PC_IND,ITC3,2015,27,
ESTAT:TGS00051(1.0),16/12/21 11:00:00,A,PC_IND,ITC3,2017,23,
ESTAT:TGS00051(1.0),16/12/21 11:00:00,A,PC_IND,ITC4,2006,45,
ESTAT:TGS00051(1.0),16/12/21 11:00:00,A,PC_IND,ITC4,2007,42,
ESTAT:TGS00051(1.0),16/12/21 11:00:00,A,PC_IND,ITC4,2008,37,
ESTAT:TGS00051(1.0),16/12/21 11:00:00,A,PC_IND,ITC4,2009,37,
ESTAT:TGS00051(1.0),16/12/21 11:00:00,A,PC_IND,ITC4,2010,31,
ESTAT:TGS00051(1.0),16/12/21 11:00:00,A,PC_IND,ITC4,2011,31,
ESTAT:TGS00051(1.0),16/12/21 11:00:00,A,PC_IND,ITC4,2012,30,
ESTAT:TGS00051(1.0),16/12/21 11:00:00,A,PC_IND,ITC4,2013,29,
ESTAT:TGS00051(1.0),16/12/21 11:00:00,A,PC_IND,ITC4,2014,27,
ESTAT:TGS00051(1.0),16/12/21 11:00:00,A,PC_IND,ITC4,2015,27,
ESTAT:TGS00051(1.0),16/12/21 11:00:00,A,PC_IND,ITC4,2017,27,
ESTAT:TGS00051(1.0),16/12/21 11:00:00,A,PC_IND,ITF1,2006,56,
ESTAT:TGS00051(1.0),16/12/21 11:00:00,A,PC_IND,ITF1,2007,50,
ESTAT:TGS00051(1.0),16/12/21 11:00:00,A,PC_IND,ITF1,2008,50,
ESTAT:TGS00051(1.0),16/12/21 11:00:00,A,PC_IND,ITF1,2009,40,
ESTAT:TGS00051(1.0),16/12/21 11:00:00,A,PC_IND,ITF1,2010,38,
ESTAT:TGS00051(1.0),16/12/21 11:00:00,A,PC_IND,ITF1,2011,38,
ESTAT:TGS00051(1.0),16/12/21 11:00:00,A,PC_IND,ITF1,2012,39,
ESTAT:TGS00051(1.0),16/12/21 11:00:00,A,PC_IND,ITF1,2013,37,
ESTAT:TGS00051(1.0),16/12/21 11:00:00,A,PC_IND,ITF1,2014,34,
ESTAT:TGS00051(1.0),16/12/21 11:00:00,A,PC_IND,ITF1,2015,30,
ESTAT:TGS00051(1.0),16/12/21 11:00:00,A,PC_IND,ITF1,2017,31,
ESTAT:TGS00051(1.0),16/12/21 11:00:00,A,PC_IND,ITF2,2006,58,
ESTAT:TGS00051(1.0),16/12/21 11:00:00,A,PC_IND,ITF2,2007,51,
ESTAT:TGS00051(1.0),16/12/21 11:00:00,A,PC_IND,ITF2,2008,48,
ESTAT:TGS00051(1.0),16/12/21 11:00:00,A,PC_IND,ITF2,2009,46,
ESTAT:TGS00051(1.0),16/12/21 11:00:00,A,PC_IND,ITF2,2010,44,
ESTAT:TGS00051(1.0),16/12/21 11:00:00,A,PC_IND,ITF2,2011,41,
ESTAT:TGS00051(1.0),16/12/21 11:00:00,A,PC_IND,ITF2,2012,45,
ESTAT:TGS00051(1.0),16/12/21 11:00:00,A,PC_IND,ITF2,2013,41,
ESTAT:TGS00051(1.0),16/12/21 11:00:00,A,PC_IND,ITF2,2014,37,
ESTAT:TGS00051(1.0),16/12/21 11:00:00,A,PC_IND,ITF2,2015,40,
ESTAT:TGS00051(1.0),16/12/21 11:00:00,A,PC_IND,ITF2,2017,37,
ESTAT:TGS00051(1.0),16/12/21 11:00:00,A,PC_IND,ITF3,2006,66,
ESTAT:TGS00051(1.0),16/12/21 11:00:00,A,PC_IND,ITF3,2007,61,
ESTAT:TGS00051(1.0),16/12/21 11:00:00,A,PC_IND,ITF3,2008,55,
ESTAT:TGS00051(1.0),16/12/21 11:00:00,A,PC_IND,ITF3,2009,52,
ESTAT:TGS00051(1.0),16/12/21 11:00:00,A,PC_IND,ITF3,2010,51,
ESTAT:TGS00051(1.0),16/12/21 11:00:00,A,PC_IND,ITF3,2011,49,
ESTAT:TGS00051(1.0),16/12/21 11:00:00,A,PC_IND,ITF3,2012,52,
ESTAT:TGS00051(1.0),16/12/21 11:00:00,A,PC_IND,ITF3,2013,48,
ESTAT:TGS00051(1.0),16/12/21 11:00:00,A,PC_IND,ITF3,2014,44,
ESTAT:TGS00051(1.0),16/12/21 11:00:00,A,PC_IND,ITF3,2015,42,
ESTAT:TGS00051(1.0),16/12/21 11:00:00,A,PC_IND,ITF3,2017,42,
ESTAT:TGS00051(1.0),16/12/21 11:00:00,A,PC_IND,ITF4,2006,61,
ESTAT:TGS00051(1.0),16/12/21 11:00:00,A,PC_IND,ITF4,2007,59,
ESTAT:TGS00051(1.0),16/12/21 11:00:00,A,PC_IND,ITF4,2008,56,
ESTAT:TGS00051(1.0),16/12/21 11:00:00,A,PC_IND,ITF4,2009,55,
ESTAT:TGS00051(1.0),16/12/21 11:00:00,A,PC_IND,ITF4,2010,48,
ESTAT:TGS00051(1.0),16/12/21 11:00:00,A,PC_IND,ITF4,2011,50,
ESTAT:TGS00051(1.0),16/12/21 11:00:00,A,PC_IND,ITF4,2012,47,
ESTAT:TGS00051(1.0),16/12/21 11:00:00,A,PC_IND,ITF4,2013,42,
ESTAT:TGS00051(1.0),16/12/21 11:00:00,A,PC_IND,ITF4,2014,44,
ESTAT:TGS00051(1.0),16/12/21 11:00:00,A,PC_IND,ITF4,2015,42,
ESTAT:TGS00051(1.0),16/12/21 11:00:00,A,PC_IND,ITF4,2017,45,
ESTAT:TGS00051(1.0),16/12/21 11:00:00,A,PC_IND,ITF5,2006,55,
ESTAT:TGS00051(1.0),16/12/21 11:00:00,A,PC_IND,ITF5,2007,51,
ESTAT:TGS00051(1.0),16/12/21 11:00:00,A,PC_IND,ITF5,2008,49,
ESTAT:TGS00051(1.0),16/12/21 11:00:00,A,PC_IND,ITF5,2009,46,
ESTAT:TGS00051(1.0),16/12/21 11:00:00,A,PC_IND,ITF5,2010,44,
ESTAT:TGS00051(1.0),16/12/21 11:00:00,A,PC_IND,ITF5,2011,45,
ESTAT:TGS00051(1.0),16/12/21 11:00:00,A,PC_IND,ITF5,2012,46,
ESTAT:TGS00051(1.0),16/12/21 11:00:00,A,PC_IND,ITF5,2013,37,
ESTAT:TGS00051(1.0),16/12/21 11:00:00,A,PC_IND,ITF5,2014,42,
ESTAT:TGS00051(1.0),16/12/21 11:00:00,A,PC_IND,ITF5,2015,38,
ESTAT:TGS00051(1.0),16/12/21 11:00:00,A,PC_IND,ITF5,2017,38,
ESTAT:TGS00051(1.0),16/12/21 11:00:00,A,PC_IND,ITF6,2006,63,
ESTAT:TGS00051(1.0),16/12/21 11:00:00,A,PC_IND,ITF6,2007,56,
ESTAT:TGS00051(1.0),16/12/21 11:00:00,A,PC_IND,ITF6,2008,53,
ESTAT:TGS00051(1.0),16/12/21 11:00:00,A,PC_IND,ITF6,2009,50,
ESTAT:TGS00051(1.0),16/12/21 11:00:00,A,PC_IND,ITF6,2010,45,
ESTAT:TGS00051(1.0),16/12/21 11:00:00,A,PC_IND,ITF6,2011,47,
ESTAT:TGS00051(1.0),16/12/21 11:00:00,A,PC_IND,ITF6,2012,46,
ESTAT:TGS00051(1.0),16/12/21 11:00:00,A,PC_IND,ITF6,2013,44,
ESTAT:TGS00051(1.0),16/12/21 11:00:00,A,PC_IND,ITF6,2014,41,
ESTAT:TGS00051(1.0),16/12/21 11:00:00,A,PC_IND,ITF6,2015,39,
ESTAT:TGS00051(1.0),16/12/21 11:00:00,A,PC_IND,ITF6,2017,43,
ESTAT:TGS00051(1.0),16/12/21 11:00:00,A,PC_IND,ITG1,2006,64,
ESTAT:TGS00051(1.0),16/12/21 11:00:00,A,PC_IND,ITG1,2007,59,
ESTAT:TGS00051(1.0),16/12/21 11:00:00,A,PC_IND,ITG1,2008,56,
ESTAT:TGS00051(1.0),16/12/21 11:00:00,A,PC_IND,ITG1,2009,50,
ESTAT:TGS00051(1.0),16/12/21 11:00:00,A,PC_IND,ITG1,2010,47,
ESTAT:TGS00051(1.0),16/12/21 11:00:00,A,PC_IND,ITG1,2011,45,
ESTAT:TGS00051(1.0),16/12/21 11:00:00,A,PC_IND,ITG1,2012,44,
ESTAT:TGS00051(1.0),16/12/21 11:00:00,A,PC_IND,ITG1,2013,42,
ESTAT:TGS00051(1.0),16/12/21 11:00:00,A,PC_IND,ITG1,2014,42,
ESTAT:TGS00051(1.0),16/12/21 11:00:00,A,PC_IND,ITG1,2015,40,
ESTAT:TGS00051(1.0),16/12/21 11:00:00,A,PC_IND,ITG1,2017,42,
ESTAT:TGS00051(1.0),16/12/21 11:00:00,A,PC_IND,ITG2,2006,51,
ESTAT:TGS00051(1.0),16/12/21 11:00:00,A,PC_IND,ITG2,2007,45,
ESTAT:TGS00051(1.0),16/12/21 11:00:00,A,PC_IND,ITG2,2008,43,
ESTAT:TGS00051(1.0),16/12/21 11:00:00,A,PC_IND,ITG2,2009,38,
ESTAT:TGS00051(1.0),16/12/21 11:00:00,A,PC_IND,ITG2,2010,34,
ESTAT:TGS00051(1.0),16/12/21 11:00:00,A,PC_IND,ITG2,2011,38,
ESTAT:TGS00051(1.0),16/12/21 11:00:00,A,PC_IND,ITG2,2012,37,
ESTAT:TGS00051(1.0),16/12/21 11:00:00,A,PC_IND,ITG2,2013,32,
ESTAT:TGS00051(1.0),16/12/21 11:00:00,A,PC_IND,ITG2,2014,29,
ESTAT:TGS00051(1.0),16/12/21 11:00:00,A,PC_IND,ITG2,2015,30,
ESTAT:TGS00051(1.0),16/12/21 11:00:00,A,PC_IND,ITG2,2017,32,
ESTAT:TGS00051(1.0),16/12/21 11:00:00,A,PC_IND,ITH1,2006,45,
ESTAT:TGS00051(1.0),16/12/21 11:00:00,A,PC_IND,ITH1,2007,39,
ESTAT:TGS00051(1.0),16/12/21 11:00:00,A,PC_IND,ITH1,2008,32,
ESTAT:TGS00051(1.0),16/12/21 11:00:00,A,PC_IND,ITH1,2009,31,
ESTAT:TGS00051(1.0),16/12/21 11:00:00,A,PC_IND,ITH1,2010,32,
ESTAT:TGS00051(1.0),16/12/21 11:00:00,A,PC_IND,ITH1,2011,27,
ESTAT:TGS00051(1.0),16/12/21 11:00:00,A,PC_IND,ITH1,2012,26,
ESTAT:TGS00051(1.0),16/12/21 11:00:00,A,PC_IND,ITH1,2013,23,
ESTAT:TGS00051(1.0),16/12/21 11:00:00,A,PC_IND,ITH1,2014,23,
ESTAT:TGS00051(1.0),16/12/21 11:00:00,A,PC_IND,ITH1,2015,25,
ESTAT:TGS00051(1.0),16/12/21 11:00:00,A,PC_IND,ITH1,2017,26,
ESTAT:TGS00051(1.0),16/12/21 11:00:00,A,PC_IND,ITH2,2006,45,
ESTAT:TGS00051(1.0),16/12/21 11:00:00,A,PC_IND,ITH2,2007,39,
ESTAT:TGS00051(1.0),16/12/21 11:00:00,A,PC_IND,ITH2,2008,38,
ESTAT:TGS00051(1.0),16/12/21 11:00:00,A,PC_IND,ITH2,2009,38,
ESTAT:TGS00051(1.0),16/12/21 11:00:00,A,PC_IND,ITH2,2010,32,
ESTAT:TGS00051(1.0),16/12/21 11:00:00,A,PC_IND,ITH2,2011,31,
ESTAT:TGS00051(1.0),16/12/21 11:00:00,A,PC_IND,ITH2,2012,31,
ESTAT:TGS00051(1.0),16/12/21 11:00:00,A,PC_IND,ITH2,2013,32,
ESTAT:TGS00051(1.0),16/12/21 11:00:00,A,PC_IND,ITH2,2014,27,
ESTAT:TGS00051(1.0),16/12/21 11:00:00,A,PC_IND,ITH2,2015,22,
ESTAT:TGS00051(1.0),16/12/21 11:00:00,A,PC_IND,ITH2,2017,25,
ESTAT:TGS00051(1.0),16/12/21 11:00:00,A,PC_IND,ITH3,2006,51,
ESTAT:TGS00051(1.0),16/12/21 11:00:00,A,PC_IND,ITH3,2007,46,
ESTAT:TGS00051(1.0),16/12/21 11:00:00,A,PC_IND,ITH3,2008,43,
ESTAT:TGS00051(1.0),16/12/21 11:00:00,A,PC_IND,ITH3,2009,41,
ESTAT:TGS00051(1.0),16/12/21 11:00:00,A,PC_IND,ITH3,2010,37,
ESTAT:TGS00051(1.0),16/12/21 11:00:00,A,PC_IND,ITH3,2011,33,
ESTAT:TGS00051(1.0),16/12/21 11:00:00,A,PC_IND,ITH3,2012,33,
ESTAT:TGS00051(1.0),16/12/21 11:00:00,A,PC_IND,ITH3,2013,30,
ESTAT:TGS00051(1.0),16/12/21 11:00:00,A,PC_IND,ITH3,2014,32,
ESTAT:TGS00051(1.0),16/12/21 11:00:00,A,PC_IND,ITH3,2015,27,
ESTAT:TGS00051(1.0),16/12/21 11:00:00,A,PC_IND,ITH3,2017,29,
ESTAT:TGS00051(1.0),16/12/21 11:00:00,A,PC_IND,ITH4,2006,48,
ESTAT:TGS00051(1.0),16/12/21 11:00:00,A,PC_IND,ITH4,2007,44,
ESTAT:TGS00051(1.0),16/12/21 11:00:00,A,PC_IND,ITH4,2008,41,
ESTAT:TGS00051(1.0),16/12/21 11:00:00,A,PC_IND,ITH4,2009,35,
ESTAT:TGS00051(1.0),16/12/21 11:00:00,A,PC_IND,ITH4,2010,35,
ESTAT:TGS00051(1.0),16/12/21 11:00:00,A,PC_IND,ITH4,2011,32,
ESTAT:TGS00051(1.0),16/12/21 11:00:00,A,PC_IND,ITH4,2012,31,
ESTAT:TGS00051(1.0),16/12/21 11:00:00,A,PC_IND,ITH4,2013,28,
ESTAT:TGS00051(1.0),16/12/21 11:00:00,A,PC_IND,ITH4,2014,26,
ESTAT:TGS00051(1.0),16/12/21 11:00:00,A,PC_IND,ITH4,2015,26,
ESTAT:TGS00051(1.0),16/12/21 11:00:00,A,PC_IND,ITH4,2017,26,
ESTAT:TGS00051(1.0),16/12/21 11:00:00,A,PC_IND,ITH5,2012,31,
ESTAT:TGS00051(1.0),16/12/21 11:00:00,A,PC_IND,ITH5,2013,28,
ESTAT:TGS00051(1.0),16/12/21 11:00:00,A,PC_IND,ITH5,2014,29,
ESTAT:TGS00051(1.0),16/12/21 11:00:00,A,PC_IND,ITH5,2015,26,
ESTAT:TGS00051(1.0),16/12/21 11:00:00,A,PC_IND,ITH5,2017,25,
ESTAT:TGS00051(1.0),16/12/21 11:00:00,A,PC_IND,ITI1,2006,51,
ESTAT:TGS00051(1.0),16/12/21 11:00:00,A,PC_IND,ITI1,2007,46,
ESTAT:TGS00051(1.0),16/12/21 11:00:00,A,PC_IND,ITI1,2008,46,
ESTAT:TGS00051(1.0),16/12/21 11:00:00,A,PC_IND,ITI1,2009,40,
ESTAT:TGS00051(1.0),16/12/21 11:00:00,A,PC_IND,ITI1,2010,36,
ESTAT:TGS00051(1.0),16/12/21 11:00:00,A,PC_IND,ITI1,2011,33,
ESTAT:TGS00051(1.0),16/12/21 11:00:00,A,PC_IND,ITI1,2012,35,
ESTAT:TGS00051(1.0),16/12/21 11:00:00,A,PC_IND,ITI1,2013,30,
ESTAT:TGS00051(1.0),16/12/21 11:00:00,A,PC_IND,ITI1,2014,29,
ESTAT:TGS00051(1.0),16/12/21 11:00:00,A,PC_IND,ITI1,2015,28,
ESTAT:TGS00051(1.0),16/12/21 11:00:00,A,PC_IND,ITI1,2017,29,
ESTAT:TGS00051(1.0),16/12/21 11:00:00,A,PC_IND,ITI2,2006,54,
ESTAT:TGS00051(1.0),16/12/21 11:00:00,A,PC_IND,ITI2,2007,50,
ESTAT:TGS00051(1.0),16/12/21 11:00:00,A,PC_IND,ITI2,2008,45,
ESTAT:TGS00051(1.0),16/12/21 11:00:00,A,PC_IND,ITI2,2009,39,
ESTAT:TGS00051(1.0),16/12/21 11:00:00,A,PC_IND,ITI2,2010,41,
ESTAT:TGS00051(1.0),16/12/21 11:00:00,A,PC_IND,ITI2,2011,37,
ESTAT:TGS00051(1.0),16/12/21 11:00:00,A,PC_IND,ITI2,2012,36,
ESTAT:TGS00051(1.0),16/12/21 11:00:00,A,PC_IND,ITI2,2013,35,
ESTAT:TGS00051(1.0),16/12/21 11:00:00,A,PC_IND,ITI2,2014,33,
ESTAT:TGS00051(1.0),16/12/21 11:00:00,A,PC_IND,ITI2,2015,30,
ESTAT:TGS00051(1.0),16/12/21 11:00:00,A,PC_IND,ITI2,2017,31,
ESTAT:TGS00051(1.0),16/12/21 11:00:00,A,PC_IND,ITI3,2012,34,
ESTAT:TGS00051(1.0),16/12/21 11:00:00,A,PC_IND,ITI3,2013,31,
ESTAT:TGS00051(1.0),16/12/21 11:00:00,A,PC_IND,ITI3,2014,31,
ESTAT:TGS00051(1.0),16/12/21 11:00:00,A,PC_IND,ITI3,2015,27,
ESTAT:TGS00051(1.0),16/12/21 11:00:00,A,PC_IND,ITI3,2017,25,
ESTAT:TGS00051(1.0),16/12/21 11:00:00,A,PC_IND,ITI4,2006,49,
ESTAT:TGS00051(1.0),16/12/21 11:00:00,A,PC_IND,ITI4,2007,46,
ESTAT:TGS00051(1.0),16/12/21 11:00:00,A,PC_IND,ITI4,2008,39,
ESTAT:TGS00051(1.0),16/12/21 11:00:00,A,PC_IND,ITI4,2009,39,
ESTAT:TGS00051(1.0),16/12/21 11:00:00,A,PC_IND,ITI4,2010,32,
ESTAT:TGS00051(1.0),16/12/21 11:00:00,A,PC_IND,ITI4,2011,33,
ESTAT:TGS00051(1.0),16/12/21 11:00:00,A,PC_IND,ITI4,2012,32,
ESTAT:TGS00051(1.0),16/12/21 11:00:00,A,PC_IND,ITI4,2013,30,
ESTAT:TGS00051(1.0),16/12/21 11:00:00,A,PC_IND,ITI4,2014,28,
ESTAT:TGS00051(1.0),16/12/21 11:00:00,A,PC_IND,ITI4,2015,29,
ESTAT:TGS00051(1.0),16/12/21 11:00:00,A,PC_IND,ITI4,2017,28,
ESTAT:TGS00051(1.0),16/12/21 11:00:00,A,PC_IND,LT00,2009,36,
ESTAT:TGS00051(1.0),16/12/21 11:00:00,A,PC_IND,LT00,2010,34,
ESTAT:TGS00051(1.0),16/12/21 11:00:00,A,PC_IND,LT00,2011,34,
ESTAT:TGS00051(1.0),16/12/21 11:00:00,A,PC_IND,LT00,2012,30,
ESTAT:TGS00051(1.0),16/12/21 11:00:00,A,PC_IND,LT00,2013,28,
ESTAT:TGS00051(1.0),16/12/21 11:00:00,A,PC_IND,LT00,2014,25,
ESTAT:TGS00051(1.0),16/12/21 11:00:00,A,PC_IND,LT00,2015,24,
ESTAT:TGS00051(1.0),16/12/21 11:00:00,A,PC_IND,LT00,2017,19,
ESTAT:TGS00051(1.0),16/12/21 11:00:00,A,PC_IND,LU00,2008,13,
ESTAT:TGS00051(1.0),16/12/21 11:00:00,A,PC_IND,LU00,2009,9,
ESTAT:TGS00051(1.0),16/12/21 11:00:00,A,PC_IND,LU00,2010,7,
ESTAT:TGS00051(1.0),16/12/21 11:00:00,A,PC_IND,LU00,2011,6,
ESTAT:TGS00051(1.0),16/12/21 11:00:00,A,PC_IND,LU00,2012,6,
ESTAT:TGS00051(1.0),16/12/21 11:00:00,A,PC_IND,LU00,2013,4,
ESTAT:TGS00051(1.0),16/12/21 11:00:00,A,PC_IND,LU00,2014,3,
ESTAT:TGS00051(1.0),16/12/21 11:00:00,A,PC_IND,LU00,2015,2,
ESTAT:TGS00051(1.0),16/12/21 11:00:00,A,PC_IND,LU00,2017,2,
ESTAT:TGS00051(1.0),16/12/21 11:00:00,A,PC_IND,LV00,2010,27,
ESTAT:TGS00051(1.0),16/12/21 11:00:00,A,PC_IND,LV00,2011,26,
ESTAT:TGS00051(1.0),16/12/21 11:00:00,A,PC_IND,LV00,2012,23,
ESTAT:TGS00051(1.0),16/12/21 11:00:00,A,PC_IND,LV00,2013,22,
ESTAT:TGS00051(1.0),16/12/21 11:00:00,A,PC_IND,LV00,2014,20,
ESTAT:TGS00051(1.0),16/12/21 11:00:00,A,PC_IND,LV00,2015,18,
ESTAT:TGS00051(1.0),16/12/21 11:00:00,A,PC_IND,LV00,2017,16,
ESTAT:TGS00051(1.0),16/12/21 11:00:00,A,PC_IND,MK00,2009,40,
ESTAT:TGS00051(1.0),16/12/21 11:00:00,A,PC_IND,MK00,2010,40,
ESTAT:TGS00051(1.0),16/12/21 11:00:00,A,PC_IND,MK00,2012,36,
ESTAT:TGS00051(1.0),16/12/21 11:00:00,A,PC_IND,MK00,2013,31,
ESTAT:TGS00051(1.0),16/12/21 11:00:00,A,PC_IND,MK00,2014,28,
ESTAT:TGS00051(1.0),16/12/21 11:00:00,A,PC_IND,MK00,2015,26,
ESTAT:TGS00051(1.0),16/12/21 11:00:00,A,PC_IND,MK00,2017,24,
ESTAT:TGS00051(1.0),16/12/21 11:00:00,A,PC_IND,MT00,2009,37,
ESTAT:TGS00051(1.0),16/12/21 11:00:00,A,PC_IND,MT00,2010,33,
ESTAT:TGS00051(1.0),16/12/21 11:00:00,A,PC_IND,MT00,2011,28,
ESTAT:TGS00051(1.0),16/12/21 11:00:00,A,PC_IND,MT00,2012,27,
ESTAT:TGS00051(1.0),16/12/21 11:00:00,A,PC_IND,MT00,2013,26,
ESTAT:TGS00051(1.0),16/12/21 11:00:00,A,PC_IND,MT00,2014,23,
ESTAT:TGS00051(1.0),16/12/21 11:00:00,A,PC_IND,MT00,2015,20,
ESTAT:TGS00051(1.0),16/12/21 11:00:00,A,PC_IND,MT00,2017,18,
ESTAT:TGS00051(1.0),16/12/21 11:00:00,A,PC_IND,NL11,2006,13,
ESTAT:TGS00051(1.0),16/12/21 11:00:00,A,PC_IND,NL11,2007,10,
ESTAT:TGS00051(1.0),16/12/21 11:00:00,A,PC_IND,NL11,2008,6,
ESTAT:TGS00051(1.0),16/12/21 11:00:00,A,PC_IND,NL11,2009,11,
ESTAT:TGS00051(1.0),16/12/21 11:00:00,A,PC_IND,NL11,2010,13,
ESTAT:TGS00051(1.0),16/12/21 11:00:00,A,PC_IND,NL11,2011,4,
ESTAT:TGS00051(1.0),16/12/21 11:00:00,A,PC_IND,NL11,2012,5,
ESTAT:TGS00051(1.0),16/12/21 11:00:00,A,PC_IND,NL11,2013,5,
ESTAT:TGS00051(1.0),16/12/21 11:00:00,A,PC_IND,NL11,2014,2,
ESTAT:TGS00051(1.0),16/12/21 11:00:00,A,PC_IND,NL11,2015,9,
ESTAT:TGS00051(1.0),16/12/21 11:00:00,A,PC_IND,NL11,2017,1,
ESTAT:TGS00051(1.0),16/12/21 11:00:00,A,PC_IND,NL12,2006,13,
ESTAT:TGS00051(1.0),16/12/21 11:00:00,A,PC_IND,NL12,2007,11,
ESTAT:TGS00051(1.0),16/12/21 11:00:00,A,PC_IND,NL12,2008,11,
ESTAT:TGS00051(1.0),16/12/21 11:00:00,A,PC_IND,NL12,2009,14,
ESTAT:TGS00051(1.0),16/12/21 11:00:00,A,PC_IND,NL12,2010,10,
ESTAT:TGS00051(1.0),16/12/21 11:00:00,A,PC_IND,NL12,2011,9,
ESTAT:TGS00051(1.0),16/12/21 11:00:00,A,PC_IND,NL12,2012,5,
ESTAT:TGS00051(1.0),16/12/21 11:00:00,A,PC_IND,NL12,2013,5,
ESTAT:TGS00051(1.0),16/12/21 11:00:00,A,PC_IND,NL12,2014,2,
ESTAT:TGS00051(1.0),16/12/21 11:00:00,A,PC_IND,NL12,2015,4,
ESTAT:TGS00051(1.0),16/12/21 11:00:00,A,PC_IND,NL12,2017,4,
ESTAT:TGS00051(1.0),16/12/21 11:00:00,A,PC_IND,NL13,2006,16,
ESTAT:TGS00051(1.0),16/12/21 11:00:00,A,PC_IND,NL13,2007,8,
ESTAT:TGS00051(1.0),16/12/21 11:00:00,A,PC_IND,NL13,2008,14,
ESTAT:TGS00051(1.0),16/12/21 11:00:00,A,PC_IND,NL13,2009,5,
ESTAT:TGS00051(1.0),16/12/21 11:00:00,A,PC_IND,NL13,2010,8,
ESTAT:TGS00051(1.0),16/12/21 11:00:00,A,PC_IND,NL13,2011,3,
ESTAT:TGS00051(1.0),16/12/21 11:00:00,A,PC_IND,NL13,2012,4,
ESTAT:TGS00051(1.0),16/12/21 11:00:00,A,PC_IND,NL13,2013,2,
ESTAT:TGS00051(1.0),16/12/21 11:00:00,A,PC_IND,NL13,2014,7,
ESTAT:TGS00051(1.0),16/12/21 11:00:00,A,PC_IND,NL13,2015,6,
ESTAT:TGS00051(1.0),16/12/21 11:00:00,A,PC_IND,NL13,2017,3,
ESTAT:TGS00051(1.0),16/12/21 11:00:00,A,PC_IND,NL21,2006,11,
ESTAT:TGS00051(1.0),16/12/21 11:00:00,A,PC_IND,NL21,2007,7,
ESTAT:TGS00051(1.0),16/12/21 11:00:00,A,PC_IND,NL21,2008,7,
ESTAT:TGS00051(1.0),16/12/21 11:00:00,A,PC_IND,NL21,2009,7,
ESTAT:TGS00051(1.0),16/12/21 11:00:00,A,PC_IND,NL21,2010,6,
ESTAT:TGS00051(1.0),16/12/21 11:00:00,A,PC_IND,NL21,2011,5,
ESTAT:TGS00051(1.0),16/12/21 11:00:00,A,PC_IND,NL21,2012,5,
ESTAT:TGS00051(1.0),16/12/21 11:00:00,A,PC_IND,NL21,2013,4,
ESTAT:TGS00051(1.0),16/12/21 11:00:00,A,PC_IND,NL21,2014,4,
ESTAT:TGS00051(1.0),16/12/21 11:00:00,A,PC_IND,NL21,2015,3,
ESTAT:TGS00051(1.0),16/12/21 11:00:00,A,PC_IND,NL21,2017,4,
ESTAT:TGS00051(1.0),16/12/21 11:00:00,A,PC_IND,NL22,2006,12,
ESTAT:TGS00051(1.0),16/12/21 11:00:00,A,PC_IND,NL22,2007,12,
ESTAT:TGS00051(1.0),16/12/21 11:00:00,A,PC_IND,NL22,2008,8,
ESTAT:TGS00051(1.0),16/12/21 11:00:00,A,PC_IND,NL22,2009,10,
ESTAT:TGS00051(1.0),16/12/21 11:00:00,A,PC_IND,NL22,2010,8,
ESTAT:TGS00051(1.0),16/12/21 11:00:00,A,PC_IND,NL22,2011,7,
ESTAT:TGS00051(1.0),16/12/21 11:00:00,A,PC_IND,NL22,2012,6,
ESTAT:TGS00051(1.0),16/12/21 11:00:00,A,PC_IND,NL22,2013,5,
ESTAT:TGS00051(1.0),16/12/21 11:00:00,A,PC_IND,NL22,2014,4,
ESTAT:TGS00051(1.0),16/12/21 11:00:00,A,PC_IND,NL22,2015,3,
ESTAT:TGS00051(1.0),16/12/21 11:00:00,A,PC_IND,NL22,2017,5,
ESTAT:TGS00051(1.0),16/12/21 11:00:00,A,PC_IND,NL23,2006,7,
ESTAT:TGS00051(1.0),16/12/21 11:00:00,A,PC_IND,NL23,2007,5,
ESTAT:TGS00051(1.0),16/12/21 11:00:00,A,PC_IND,NL23,2008,5,
ESTAT:TGS00051(1.0),16/12/21 11:00:00,A,PC_IND,NL23,2009,4,
ESTAT:TGS00051(1.0),16/12/21 11:00:00,A,PC_IND,NL23,2010,3,
ESTAT:TGS00051(1.0),16/12/21 11:00:00,A,PC_IND,NL23,2011,2,
ESTAT:TGS00051(1.0),16/12/21 11:00:00,A,PC_IND,NL23,2012,0,
ESTAT:TGS00051(1.0),16/12/21 11:00:00,A,PC_IND,NL23,2013,1,
ESTAT:TGS00051(1.0),16/12/21 11:00:00,A,PC_IND,NL23,2014,6,
ESTAT:TGS00051(1.0),16/12/21 11:00:00,A,PC_IND,NL23,2015,5,
ESTAT:TGS00051(1.0),16/12/21 11:00:00,A,PC_IND,NL23,2017,1,
ESTAT:TGS00051(1.0),16/12/21 11:00:00,A,PC_IND,NL31,2006,6,
ESTAT:TGS00051(1.0),16/12/21 11:00:00,A,PC_IND,NL31,2007,7,
ESTAT:TGS00051(1.0),16/12/21 11:00:00,A,PC_IND,NL31,2008,7,
ESTAT:TGS00051(1.0),16/12/21 11:00:00,A,PC_IND,NL31,2009,5,
ESTAT:TGS00051(1.0),16/12/21 11:00:00,A,PC_IND,NL31,2010,6,
ESTAT:TGS00051(1.0),16/12/21 11:00:00,A,PC_IND,NL31,2011,6,
ESTAT:TGS00051(1.0),16/12/21 11:00:00,A,PC_IND,NL31,2012,4,
ESTAT:TGS00051(1.0),16/12/21 11:00:00,A,PC_IND,NL31,2013,2,
ESTAT:TGS00051(1.0),16/12/21 11:00:00,A,PC_IND,NL31,2014,3,
ESTAT:TGS00051(1.0),16/12/21 11:00:00,A,PC_IND,NL31,2015,3,
ESTAT:TGS00051(1.0),16/12/21 11:00:00,A,PC_IND,NL31,2017,3,
ESTAT:TGS00051(1.0),16/12/21 11:00:00,A,PC_IND,NL32,2006,10,
ESTAT:TGS00051(1.0),16/12/21 11:00:00,A,PC_IND,NL32,2007,10,
ESTAT:TGS00051(1.0),16/12/21 11:00:00,A,PC_IND,NL32,2008,6,
ESTAT:TGS00051(1.0),16/12/21 11:00:00,A,PC_IND,NL32,2009,5,
ESTAT:TGS00051(1.0),16/12/21 11:00:00,A,PC_IND,NL32,2010,4,
ESTAT:TGS00051(1.0),16/12/21 11:00:00,A,PC_IND,NL32,2011,5,
ESTAT:TGS00051(1.0),16/12/21 11:00:00,A,PC_IND,NL32,2012,3,
ESTAT:TGS00051(1.0),16/12/21 11:00:00,A,PC_IND,NL32,2013,3,
ESTAT:TGS00051(1.0),16/12/21 11:00:00,A,PC_IND,NL32,2014,5,
ESTAT:TGS00051(1.0),16/12/21 11:00:00,A,PC_IND,NL32,2015,4,
ESTAT:TGS00051(1.0),16/12/21 11:00:00,A,PC_IND,NL32,2017,3,
ESTAT:TGS00051(1.0),16/12/21 11:00:00,A,PC_IND,NL33,2006,12,
ESTAT:TGS00051(1.0),16/12/21 11:00:00,A,PC_IND,NL33,2007,10,
ESTAT:TGS00051(1.0),16/12/21 11:00:00,A,PC_IND,NL33,2008,8,
ESTAT:TGS00051(1.0),16/12/21 11:00:00,A,PC_IND,NL33,2009,6,
ESTAT:TGS00051(1.0),16/12/21 11:00:00,A,PC_IND,NL33,2010,6,
ESTAT:TGS00051(1.0),16/12/21 11:00:00,A,PC_IND,NL33,2011,5,
ESTAT:TGS00051(1.0),16/12/21 11:00:00,A,PC_IND,NL33,2012,5,
ESTAT:TGS00051(1.0),16/12/21 11:00:00,A,PC_IND,NL33,2013,3,
ESTAT:TGS00051(1.0),16/12/21 11:00:00,A,PC_IND,NL33,2014,4,
ESTAT:TGS00051(1.0),16/12/21 11:00:00,A,PC_IND,NL33,2015,4,
ESTAT:TGS00051(1.0),16/12/21 11:00:00,A,PC_IND,NL33,2017,2,
ESTAT:TGS00051(1.0),16/12/21 11:00:00,A,PC_IND,NL34,2006,11,
ESTAT:TGS00051(1.0),16/12/21 11:00:00,A,PC_IND,NL34,2007,8,
ESTAT:TGS00051(1.0),16/12/21 11:00:00,A,PC_IND,NL34,2008,13,
ESTAT:TGS00051(1.0),16/12/21 11:00:00,A,PC_IND,NL34,2009,10,
ESTAT:TGS00051(1.0),16/12/21 11:00:00,A,PC_IND,NL34,2010,10,
ESTAT:TGS00051(1.0),16/12/21 11:00:00,A,PC_IND,NL34,2011,9,
ESTAT:TGS00051(1.0),16/12/21 11:00:00,A,PC_IND,NL34,2012,3,
ESTAT:TGS00051(1.0),16/12/21 11:00:00,A,PC_IND,NL34,2013,5,
ESTAT:TGS00051(1.0),16/12/21 11:00:00,A,PC_IND,NL34,2014,3,
ESTAT:TGS00051(1.0),16/12/21 11:00:00,A,PC_IND,NL34,2015,7,
ESTAT:TGS00051(1.0),16/12/21 11:00:00,A,PC_IND,NL34,2017,1,
ESTAT:TGS00051(1.0),16/12/21 11:00:00,A,PC_IND,NL41,2006,13,
ESTAT:TGS00051(1.0),16/12/21 11:00:00,A,PC_IND,NL41,2007,10,
ESTAT:TGS00051(1.0),16/12/21 11:00:00,A,PC_IND,NL41,2008,11,
ESTAT:TGS00051(1.0),16/12/21 11:00:00,A,PC_IND,NL41,2009,8,
ESTAT:TGS00051(1.0),16/12/21 11:00:00,A,PC_IND,NL41,2010,7,
ESTAT:TGS00051(1.0),16/12/21 11:00:00,A,PC_IND,NL41,2011,8,
ESTAT:TGS00051(1.0),16/12/21 11:00:00,A,PC_IND,NL41,2012,6,
ESTAT:TGS00051(1.0),16/12/21 11:00:00,A,PC_IND,NL41,2013,5,
ESTAT:TGS00051(1.0),16/12/21 11:00:00,A,PC_IND,NL41,2014,6,
ESTAT:TGS00051(1.0),16/12/21 11:00:00,A,PC_IND,NL41,2015,4,
ESTAT:TGS00051(1.0),16/12/21 11:00:00,A,PC_IND,NL41,2017,3,
ESTAT:TGS00051(1.0),16/12/21 11:00:00,A,PC_IND,NL42,2006,15,
ESTAT:TGS00051(1.0),16/12/21 11:00:00,A,PC_IND,NL42,2007,11,
ESTAT:TGS00051(1.0),16/12/21 11:00:00,A,PC_IND,NL42,2008,12,
ESTAT:TGS00051(1.0),16/12/21 11:00:00,A,PC_IND,NL42,2009,12,
ESTAT:TGS00051(1.0),16/12/21 11:00:00,A,PC_IND,NL42,2010,12,
ESTAT:TGS00051(1.0),16/12/21 11:00:00,A,PC_IND,NL42,2011,6,
ESTAT:TGS00051(1.0),16/12/21 11:00:00,A,PC_IND,NL42,2012,4,
ESTAT:TGS00051(1.0),16/12/21 11:00:00,A,PC_IND,NL42,2013,4,
ESTAT:TGS00051(1.0),16/12/21 11:00:00,A,PC_IND,NL42,2014,7,
ESTAT:TGS00051(1.0),16/12/21 11:00:00,A,PC_IND,NL42,2015,4,
ESTAT:TGS00051(1.0),16/12/21 11:00:00,A,PC_IND,NL42,2017,3,
ESTAT:TGS00051(1.0),16/12/21 11:00:00,A,PC_IND,NO01,2006,6,
ESTAT:TGS00051(1.0),16/12/21 11:00:00,A,PC_IND,NO01,2007,3,
ESTAT:TGS00051(1.0),16/12/21 11:00:00,A,PC_IND,NO01,2008,4,
ESTAT:TGS00051(1.0),16/12/21 11:00:00,A,PC_IND,NO01,2009,3,
ESTAT:TGS00051(1.0),16/12/21 11:00:00,A,PC_IND,NO01,2010,2,
ESTAT:TGS00051(1.0),16/12/21 11:00:00,A,PC_IND,NO01,2011,3,
ESTAT:TGS00051(1.0),16/12/21 11:00:00,A,PC_IND,NO01,2012,1,
ESTAT:TGS00051(1.0),16/12/21 11:00:00,A,PC_IND,NO01,2013,1,
ESTAT:TGS00051(1.0),16/12/21 11:00:00,A,PC_IND,NO01,2014,2,
ESTAT:TGS00051(1.0),16/12/21 11:00:00,A,PC_IND,NO01,2015,1,
ESTAT:TGS00051(1.0),16/12/21 11:00:00,A,PC_IND,NO01,2017,0,
ESTAT:TGS00051(1.0),16/12/21 11:00:00,A,PC_IND,NO02,2006,8,
ESTAT:TGS00051(1.0),16/12/21 11:00:00,A,PC_IND,NO02,2007,6,
ESTAT:TGS00051(1.0),16/12/21 11:00:00,A,PC_IND,NO02,2008,8,
ESTAT:TGS00051(1.0),16/12/21 11:00:00,A,PC_IND,NO02,2009,7,
ESTAT:TGS00051(1.0),16/12/21 11:00:00,A,PC_IND,NO02,2010,6,
ESTAT:TGS00051(1.0),16/12/21 11:00:00,A,PC_IND,NO02,2011,4,
ESTAT:TGS00051(1.0),16/12/21 11:00:00,A,PC_IND,NO02,2012,4,
ESTAT:TGS00051(1.0),16/12/21 11:00:00,A,PC_IND,NO02,2013,5,
ESTAT:TGS00051(1.0),16/12/21 11:00:00,A,PC_IND,NO02,2014,4,
ESTAT:TGS00051(1.0),16/12/21 11:00:00,A,PC_IND,NO02,2015,2,
ESTAT:TGS00051(1.0),16/12/21 11:00:00,A,PC_IND,NO02,2017,0,
ESTAT:TGS00051(1.0),16/12/21 11:00:00,A,PC_IND,NO03,2006,10,
ESTAT:TGS00051(1.0),16/12/21 11:00:00,A,PC_IND,NO03,2007,8,
ESTAT:TGS00051(1.0),16/12/21 11:00:00,A,PC_IND,NO03,2008,7,
ESTAT:TGS00051(1.0),16/12/21 11:00:00,A,PC_IND,NO03,2009,4,
ESTAT:TGS00051(1.0),16/12/21 11:00:00,A,PC_IND,NO03,2010,6,
ESTAT:TGS00051(1.0),16/12/21 11:00:00,A,PC_IND,NO03,2011,5,
ESTAT:TGS00051(1.0),16/12/21 11:00:00,A,PC_IND,NO03,2012,2,
ESTAT:TGS00051(1.0),16/12/21 11:00:00,A,PC_IND,NO03,2013,3,
ESTAT:TGS00051(1.0),16/12/21 11:00:00,A,PC_IND,NO03,2014,4,
ESTAT:TGS00051(1.0),16/12/21 11:00:00,A,PC_IND,NO03,2015,2,
ESTAT:TGS00051(1.0),16/12/21 11:00:00,A,PC_IND,NO03,2017,2,
ESTAT:TGS00051(1.0),16/12/21 11:00:00,A,PC_IND,NO04,2006,8,
ESTAT:TGS00051(1.0),16/12/21 11:00:00,A,PC_IND,NO04,2007,3,
ESTAT:TGS00051(1.0),16/12/21 11:00:00,A,PC_IND,NO04,2008,6,
ESTAT:TGS00051(1.0),16/12/21 11:00:00,A,PC_IND,NO04,2009,5,
ESTAT:TGS00051(1.0),16/12/21 11:00:00,A,PC_IND,NO04,2010,3,
ESTAT:TGS00051(1.0),16/12/21 11:00:00,A,PC_IND,NO04,2011,4,
ESTAT:TGS00051(1.0),16/12/21 11:00:00,A,PC_IND,NO04,2012,4,
ESTAT:TGS00051(1.0),16/12/21 11:00:00,A,PC_IND,NO04,2013,3,
ESTAT:TGS00051(1.0),16/12/21 11:00:00,A,PC_IND,NO04,2014,2,
ESTAT:TGS00051(1.0),16/12/21 11:00:00,A,PC_IND,NO04,2015,5,
ESTAT:TGS00051(1.0),16/12/21 11:00:00,A,PC_IND,NO04,2017,1,
ESTAT:TGS00051(1.0),16/12/21 11:00:00,A,PC_IND,NO05,2006,11,
ESTAT:TGS00051(1.0),16/12/21 11:00:00,A,PC_IND,NO05,2007,6,
ESTAT:TGS00051(1.0),16/12/21 11:00:00,A,PC_IND,NO05,2008,3,
ESTAT:TGS00051(1.0),16/12/21 11:00:00,A,PC_IND,NO05,2009,7,
ESTAT:TGS00051(1.0),16/12/21 11:00:00,A,PC_IND,NO05,2010,1,
ESTAT:TGS00051(1.0),16/12/21 11:00:00,A,PC_IND,NO05,2011,4,
ESTAT:TGS00051(1.0),16/12/21 11:00:00,A,PC_IND,NO05,2012,3,
ESTAT:TGS00051(1.0),16/12/21 11:00:00,A,PC_IND,NO05,2013,1,
ESTAT:TGS00051(1.0),16/12/21 11:00:00,A,PC_IND,NO05,2014,1,
ESTAT:TGS00051(1.0),16/12/21 11:00:00,A,PC_IND,NO05,2015,0,n
ESTAT:TGS00051(1.0),16/12/21 11:00:00,A,PC_IND,NO05,2017,1,
ESTAT:TGS00051(1.0),16/12/21 11:00:00,A,PC_IND,NO06,2006,10,
ESTAT:TGS00051(1.0),16/12/21 11:00:00,A,PC_IND,NO06,2007,9,
ESTAT:TGS00051(1.0),16/12/21 11:00:00,A,PC_IND,NO06,2008,6,
ESTAT:TGS00051(1.0),16/12/21 11:00:00,A,PC_IND,NO06,2009,6,
ESTAT:TGS00051(1.0),16/12/21 11:00:00,A,PC_IND,NO06,2010,6,
ESTAT:TGS00051(1.0),16/12/21 11:00:00,A,PC_IND,NO06,2011,2,
ESTAT:TGS00051(1.0),16/12/21 11:00:00,A,PC_IND,NO06,2012,3,
ESTAT:TGS00051(1.0),16/12/21 11:00:00,A,PC_IND,NO06,2013,2,
ESTAT:TGS00051(1.0),16/12/21 11:00:00,A,PC_IND,NO06,2014,5,
ESTAT:TGS00051(1.0),16/12/21 11:00:00,A,PC_IND,NO06,2015,1,
ESTAT:TGS00051(1.0),16/12/21 11:00:00,A,PC_IND,NO06,2017,2,
ESTAT:TGS00051(1.0),16/12/21 11:00:00,A,PC_IND,NO07,2006,10,
ESTAT:TGS00051(1.0),16/12/21 11:00:00,A,PC_IND,NO07,2007,11,
ESTAT:TGS00051(1.0),16/12/21 11:00:00,A,PC_IND,NO07,2008,4,
ESTAT:TGS00051(1.0),16/12/21 11:00:00,A,PC_IND,NO07,2009,3,
ESTAT:TGS00051(1.0),16/12/21 11:00:00,A,PC_IND,NO07,2010,5,
ESTAT:TGS00051(1.0),16/12/21 11:00:00,A,PC_IND,NO07,2011,3,
ESTAT:TGS00051(1.0),16/12/21 11:00:00,A,PC_IND,NO07,2012,3,
ESTAT:TGS00051(1.0),16/12/21 11:00:00,A,PC_IND,NO07,2013,5,
ESTAT:TGS00051(1.0),16/12/21 11:00:00,A,PC_IND,NO07,2014,3,
ESTAT:TGS00051(1.0),16/12/21 11:00:00,A,PC_IND,NO07,2015,2,
ESTAT:TGS00051(1.0),16/12/21 11:00:00,A,PC_IND,NO07,2017,1,
ESTAT:TGS00051(1.0),16/12/21 11:00:00,A,PC_IND,PL11,2006,40,
ESTAT:TGS00051(1.0),16/12/21 11:00:00,A,PC_IND,PL12,2006,38,
ESTAT:TGS00051(1.0),16/12/21 11:00:00,A,PC_IND,PL21,2006,44,
ESTAT:TGS00051(1.0),16/12/21 11:00:00,A,PC_IND,PL22,2006,42,
ESTAT:TGS00051(1.0),16/12/21 11:00:00,A,PC_IND,PL31,2006,46,
ESTAT:TGS00051(1.0),16/12/21 11:00:00,A,PC_IND,PL32,2006,47,
ESTAT:TGS00051(1.0),16/12/21 11:00:00,A,PC_IND,PL33,2006,54,
ESTAT:TGS00051(1.0),16/12/21 11:00:00,A,PC_IND,PL34,2006,46,
ESTAT:TGS00051(1.0),16/12/21 11:00:00,A,PC_IND,PL41,2006,40,
ESTAT:TGS00051(1.0),16/12/21 11:00:00,A,PC_IND,PL42,2006,50,
ESTAT:TGS00051(1.0),16/12/21 11:00:00,A,PC_IND,PL43,2006,38,
ESTAT:TGS00051(1.0),16/12/21 11:00:00,A,PC_IND,PL51,2006,41,
ESTAT:TGS00051(1.0),16/12/21 11:00:00,A,PC_IND,PL52,2006,44,
ESTAT:TGS00051(1.0),16/12/21 11:00:00,A,PC_IND,PL61,2006,42,
ESTAT:TGS00051(1.0),16/12/21 11:00:00,A,PC_IND,PL62,2006,45,
ESTAT:TGS00051(1.0),16/12/21 11:00:00,A,PC_IND,PL63,2006,37,
ESTAT:TGS00051(1.0),16/12/21 11:00:00,A,PC_IND,PT11,2007,54,
ESTAT:TGS00051(1.0),16/12/21 11:00:00,A,PC_IND,PT11,2008,53,
ESTAT:TGS00051(1.0),16/12/21 11:00:00,A,PC_IND,PT11,2009,46,
ESTAT:TGS00051(1.0),16/12/21 11:00:00,A,PC_IND,PT11,2010,43,
ESTAT:TGS00051(1.0),16/12/21 11:00:00,A,PC_IND,PT11,2011,40,
ESTAT:TGS00051(1.0),16/12/21 11:00:00,A,PC_IND,PT11,2012,34,
ESTAT:TGS00051(1.0),16/12/21 11:00:00,A,PC_IND,PT11,2013,34,
ESTAT:TGS00051(1.0),16/12/21 11:00:00,A,PC_IND,PT11,2014,32,
ESTAT:TGS00051(1.0),16/12/21 11:00:00,A,PC_IND,PT11,2015,29,
ESTAT:TGS00051(1.0),16/12/21 11:00:00,A,PC_IND,PT11,2017,28,
ESTAT:TGS00051(1.0),16/12/21 11:00:00,A,PC_IND,PT15,2007,48,
ESTAT:TGS00051(1.0),16/12/21 11:00:00,A,PC_IND,PT15,2008,44,
ESTAT:TGS00051(1.0),16/12/21 11:00:00,A,PC_IND,PT15,2009,36,
ESTAT:TGS00051(1.0),16/12/21 11:00:00,A,PC_IND,PT15,2010,33,
ESTAT:TGS00051(1.0),16/12/21 11:00:00,A,PC_IND,PT15,2011,32,
ESTAT:TGS00051(1.0),16/12/21 11:00:00,A,PC_IND,PT15,2012,27,
ESTAT:TGS00051(1.0),16/12/21 11:00:00,A,PC_IND,PT15,2013,26,
ESTAT:TGS00051(1.0),16/12/21 11:00:00,A,PC_IND,PT15,2014,22,
ESTAT:TGS00051(1.0),16/12/21 11:00:00,A,PC_IND,PT15,2015,19,
ESTAT:TGS00051(1.0),16/12/21 11:00:00,A,PC_IND,PT15,2017,23,
ESTAT:TGS00051(1.0),16/12/21 11:00:00,A,PC_IND,PT16,2007,49,
ESTAT:TGS00051(1.0),16/12/21 11:00:00,A,PC_IND,PT16,2008,52,
ESTAT:TGS00051(1.0),16/12/21 11:00:00,A,PC_IND,PT16,2009,48,
ESTAT:TGS00051(1.0),16/12/21 11:00:00,A,PC_IND,PT16,2010,44,
ESTAT:TGS00051(1.0),16/12/21 11:00:00,A,PC_IND,PT16,2011,40,
ESTAT:TGS00051(1.0),16/12/21 11:00:00,A,PC_IND,PT16,2012,35,
ESTAT:TGS00051(1.0),16/12/21 11:00:00,A,PC_IND,PT16,2013,32,
ESTAT:TGS00051(1.0),16/12/21 11:00:00,A,PC_IND,PT16,2014,30,
ESTAT:TGS00051(1.0),16/12/21 11:00:00,A,PC_IND,PT16,2015,27,
ESTAT:TGS00051(1.0),16/12/21 11:00:00,A,PC_IND,PT16,2017,24,
ESTAT:TGS00051(1.0),16/12/21 11:00:00,A,PC_IND,PT17,2007,37,
ESTAT:TGS00051(1.0),16/12/21 11:00:00,A,PC_IND,PT17,2008,36,
ESTAT:TGS00051(1.0),16/12/21 11:00:00,A,PC_IND,PT17,2009,34,
ESTAT:TGS00051(1.0),16/12/21 11:00:00,A,PC_IND,PT17,2010,27,
ESTAT:TGS00051(1.0),16/12/21 11:00:00,A,PC_IND,PT17,2011,25,
ESTAT:TGS00051(1.0),16/12/21 11:00:00,A,PC_IND,PT17,2012,19,
ESTAT:TGS00051(1.0),16/12/21 11:00:00,A,PC_IND,PT17,2013,17,
ESTAT:TGS00051(1.0),16/12/21 11:00:00,A,PC_IND,PT17,2014,16,
ESTAT:TGS00051(1.0),16/12/21 11:00:00,A,PC_IND,PT17,2015,13,
ESTAT:TGS00051(1.0),16/12/21 11:00:00,A,PC_IND,PT17,2017,12,
ESTAT:TGS00051(1.0),16/12/21 11:00:00,A,PC_IND,PT18,2007,53,
ESTAT:TGS00051(1.0),16/12/21 11:00:00,A,PC_IND,PT18,2008,55,
ESTAT:TGS00051(1.0),16/12/21 11:00:00,A,PC_IND,PT18,2009,51,
ESTAT:TGS00051(1.0),16/12/21 11:00:00,A,PC_IND,PT18,2010,46,
ESTAT:TGS00051(1.0),16/12/21 11:00:00,A,PC_IND,PT18,2011,42,
ESTAT:TGS00051(1.0),16/12/21 11:00:00,A,PC_IND,PT18,2012,36,
ESTAT:TGS00051(1.0),16/12/21 11:00:00,A,PC_IND,PT18,2013,34,
ESTAT:TGS00051(1.0),16/12/21 11:00:00,A,PC_IND,PT18,2014,31,
ESTAT:TGS00051(1.0),16/12/21 11:00:00,A,PC_IND,PT18,2015,28,
ESTAT:TGS00051(1.0),16/12/21 11:00:00,A,PC_IND,PT18,2017,25,
ESTAT:TGS00051(1.0),16/12/21 11:00:00,A,PC_IND,PT20,2007,58,
ESTAT:TGS00051(1.0),16/12/21 11:00:00,A,PC_IND,PT20,2008,56,
ESTAT:TGS00051(1.0),16/12/21 11:00:00,A,PC_IND,PT20,2009,53,
ESTAT:TGS00051(1.0),16/12/21 11:00:00,A,PC_IND,PT20,2010,45,
ESTAT:TGS00051(1.0),16/12/21 11:00:00,A,PC_IND,PT20,2011,42,
ESTAT:TGS00051(1.0),16/12/21 11:00:00,A,PC_IND,PT20,2012,33,
ESTAT:TGS00051(1.0),16/12/21 11:00:00,A,PC_IND,PT20,2013,28,
ESTAT:TGS00051(1.0),16/12/21 11:00:00,A,PC_IND,PT20,2014,27,
ESTAT:TGS00051(1.0),16/12/21 11:00:00,A,PC_IND,PT20,2015,22,
ESTAT:TGS00051(1.0),16/12/21 11:00:00,A,PC_IND,PT20,2017,21,
ESTAT:TGS00051(1.0),16/12/21 11:00:00,A,PC_IND,PT30,2007,54,
ESTAT:TGS00051(1.0),16/12/21 11:00:00,A,PC_IND,PT30,2008,52,
ESTAT:TGS00051(1.0),16/12/21 11:00:00,A,PC_IND,PT30,2009,47,
ESTAT:TGS00051(1.0),16/12/21 11:00:00,A,PC_IND,PT30,2010,44,
ESTAT:TGS00051(1.0),16/12/21 11:00:00,A,PC_IND,PT30,2011,39,
ESTAT:TGS00051(1.0),16/12/21 11:00:00,A,PC_IND,PT30,2012,33,
ESTAT:TGS00051(1.0),16/12/21 11:00:00,A,PC_IND,PT30,2013,31,
ESTAT:TGS00051(1.0),16/12/21 11:00:00,A,PC_IND,PT30,2014,29,
ESTAT:TGS00051(1.0),16/12/21 11:00:00,A,PC_IND,PT30,2015,27,
ESTAT:TGS00051(1.0),16/12/21 11:00:00,A,PC_IND,PT30,2017,23,
ESTAT:TGS00051(1.0),16/12/21 11:00:00,A,PC_IND,RO11,2008,60,
ESTAT:TGS00051(1.0),16/12/21 11:00:00,A,PC_IND,RO11,2009,54,
ESTAT:TGS00051(1.0),16/12/21 11:00:00,A,PC_IND,RO11,2010,48,
ESTAT:TGS00051(1.0),16/12/21 11:00:00,A,PC_IND,RO11,2011,52,
ESTAT:TGS00051(1.0),16/12/21 11:00:00,A,PC_IND,RO11,2012,45,
ESTAT:TGS00051(1.0),16/12/21 11:00:00,A,PC_IND,RO11,2013,45,
ESTAT:TGS00051(1.0),16/12/21 11:00:00,A,PC_IND,RO11,2014,41,b
ESTAT:TGS00051(1.0),16/12/21 11:00:00,A,PC_IND,RO11,2015,31,
ESTAT:TGS00051(1.0),16/12/21 11:00:00,A,PC_IND,RO11,2017,24,
ESTAT:TGS00051(1.0),16/12/21 11:00:00,A,PC_IND,RO12,2008,60,
ESTAT:TGS00051(1.0),16/12/21 11:00:00,A,PC_IND,RO12,2009,61,
ESTAT:TGS00051(1.0),16/12/21 11:00:00,A,PC_IND,RO12,2010,48,
ESTAT:TGS00051(1.0),16/12/21 11:00:00,A,PC_IND,RO12,2011,46,
ESTAT:TGS00051(1.0),16/12/21 11:00:00,A,PC_IND,RO12,2012,45,
ESTAT:TGS00051(1.0),16/12/21 11:00:00,A,PC_IND,RO12,2013,41,
ESTAT:TGS00051(1.0),16/12/21 11:00:00,A,PC_IND,RO12,2014,38,b
ESTAT:TGS00051(1.0),16/12/21 11:00:00,A,PC_IND,RO12,2015,27,
ESTAT:TGS00051(1.0),16/12/21 11:00:00,A,PC_IND,RO12,2017,28,
ESTAT:TGS00051(1.0),16/12/21 11:00:00,A,PC_IND,RO21,2008,62,
ESTAT:TGS00051(1.0),16/12/21 11:00:00,A,PC_IND,RO21,2009,57,
ESTAT:TGS00051(1.0),16/12/21 11:00:00,A,PC_IND,RO21,2010,53,
ESTAT:TGS00051(1.0),16/12/21 11:00:00,A,PC_IND,RO21,2011,53,
ESTAT:TGS00051(1.0),16/12/21 11:00:00,A,PC_IND,RO21,2012,48,
ESTAT:TGS00051(1.0),16/12/21 11:00:00,A,PC_IND,RO21,2013,42,
ESTAT:TGS00051(1.0),16/12/21 11:00:00,A,PC_IND,RO21,2014,37,b
ESTAT:TGS00051(1.0),16/12/21 11:00:00,A,PC_IND,RO21,2015,33,
ESTAT:TGS00051(1.0),16/12/21 11:00:00,A,PC_IND,RO21,2017,33,
ESTAT:TGS00051(1.0),16/12/21 11:00:00,A,PC_IND,RO22,2008,59,
ESTAT:TGS00051(1.0),16/12/21 11:00:00,A,PC_IND,RO22,2009,60,
ESTAT:TGS00051(1.0),16/12/21 11:00:00,A,PC_IND,RO22,2010,57,
ESTAT:TGS00051(1.0),16/12/21 11:00:00,A,PC_IND,RO22,2011,55,
ESTAT:TGS00051(1.0),16/12/21 11:00:00,A,PC_IND,RO22,2012,46,
ESTAT:TGS00051(1.0),16/12/21 11:00:00,A,PC_IND,RO22,2013,47,
ESTAT:TGS00051(1.0),16/12/21 11:00:00,A,PC_IND,RO22,2014,40,b
ESTAT:TGS00051(1.0),16/12/21 11:00:00,A,PC_IND,RO22,2015,35,
ESTAT:TGS00051(1.0),16/12/21 11:00:00,A,PC_IND,RO22,2017,33,
ESTAT:TGS00051(1.0),16/12/21 11:00:00,A,PC_IND,RO31,2008,62,
ESTAT:TGS00051(1.0),16/12/21 11:00:00,A,PC_IND,RO31,2009,61,
ESTAT:TGS00051(1.0),16/12/21 11:00:00,A,PC_IND,RO31,2010,58,
ESTAT:TGS00051(1.0),16/12/21 11:00:00,A,PC_IND,RO31,2011,55,
ESTAT:TGS00051(1.0),16/12/21 11:00:00,A,PC_IND,RO31,2012,49,
ESTAT:TGS00051(1.0),16/12/21 11:00:00,A,PC_IND,RO31,2013,51,
ESTAT:TGS00051(1.0),16/12/21 11:00:00,A,PC_IND,RO31,2014,46,b
ESTAT:TGS00051(1.0),16/12/21 11:00:00,A,PC_IND,RO31,2015,37,
ESTAT:TGS00051(1.0),16/12/21 11:00:00,A,PC_IND,RO31,2017,37,
ESTAT:TGS00051(1.0),16/12/21 11:00:00,A,PC_IND,RO32,2008,44,
ESTAT:TGS00051(1.0),16/12/21 11:00:00,A,PC_IND,RO32,2009,40,
ESTAT:TGS00051(1.0),16/12/21 11:00:00,A,PC_IND,RO32,2010,35,
ESTAT:TGS00051(1.0),16/12/21 11:00:00,A,PC_IND,RO32,2011,33,
ESTAT:TGS00051(1.0),16/12/21 11:00:00,A,PC_IND,RO32,2012,28,
ESTAT:TGS00051(1.0),16/12/21 11:00:00,A,PC_IND,RO32,2013,24,
ESTAT:TGS00051(1.0),16/12/21 11:00:00,A,PC_IND,RO32,2014,19,b
ESTAT:TGS00051(1.0),16/12/21 11:00:00,A,PC_IND,RO32,2015,15,
ESTAT:TGS00051(1.0),16/12/21 11:00:00,A,PC_IND,RO32,2017,10,
ESTAT:TGS00051(1.0),16/12/21 11:00:00,A,PC_IND,RO41,2008,63,
ESTAT:TGS00051(1.0),16/12/21 11:00:00,A,PC_IND,RO41,2009,60,
ESTAT:TGS00051(1.0),16/12/21 11:00:00,A,PC_IND,RO41,2010,55,
ESTAT:TGS00051(1.0),16/12/21 11:00:00,A,PC_IND,RO41,2011,55,
ESTAT:TGS00051(1.0),16/12/21 11:00:00,A,PC_IND,RO41,2012,48,
ESTAT:TGS00051(1.0),16/12/21 11:00:00,A,PC_IND,RO41,2013,45,
ESTAT:TGS00051(1.0),16/12/21 11:00:00,A,PC_IND,RO41,2014,43,b
ESTAT:TGS00051(1.0),16/12/21 11:00:00,A,PC_IND,RO41,2015,37,
ESTAT:TGS00051(1.0),16/12/21 11:00:00,A,PC_IND,RO41,2017,31,
ESTAT:TGS00051(1.0),16/12/21 11:00:00,A,PC_IND,RO42,2008,53,
ESTAT:TGS00051(1.0),16/12/21 11:00:00,A,PC_IND,RO42,2009,48,
ESTAT:TGS00051(1.0),16/12/21 11:00:00,A,PC_IND,RO42,2010,44,
ESTAT:TGS00051(1.0),16/12/21 11:00:00,A,PC_IND,RO42,2011,45,
ESTAT:TGS00051(1.0),16/12/21 11:00:00,A,PC_IND,RO42,2012,35,
ESTAT:TGS00051(1.0),16/12/21 11:00:00,A,PC_IND,RO42,2013,38,
ESTAT:TGS00051(1.0),16/12/21 11:00:00,A,PC_IND,RO42,2014,27,b
ESTAT:TGS00051(1.0),16/12/21 11:00:00,A,PC_IND,RO42,2015,22,
ESTAT:TGS00051(1.0),16/12/21 11:00:00,A,PC_IND,RO42,2017,19,
ESTAT:TGS00051(1.0),16/12/21 11:00:00,A,PC_IND,SE11,2009,3,
ESTAT:TGS00051(1.0),16/12/21 11:00:00,A,PC_IND,SE11,2010,4,
ESTAT:TGS00051(1.0),16/12/21 11:00:00,A,PC_IND,SE11,2011,2,
ESTAT:TGS00051(1.0),16/12/21 11:00:00,A,PC_IND,SE11,2012,4,
ESTAT:TGS00051(1.0),16/12/21 11:00:00,A,PC_IND,SE11,2013,3,
ESTAT:TGS00051(1.0),16/12/21 11:00:00,A,PC_IND,SE11,2014,3,
ESTAT:TGS00051(1.0),16/12/21 11:00:00,A,PC_IND,SE11,2015,3,
ESTAT:TGS00051(1.0),16/12/21 11:00:00,A,PC_IND,SE11,2017,2,
ESTAT:TGS00051(1.0),16/12/21 11:00:00,A,PC_IND,SE12,2009,6,
ESTAT:TGS00051(1.0),16/12/21 11:00:00,A,PC_IND,SE12,2010,4,
ESTAT:TGS00051(1.0),16/12/21 11:00:00,A,PC_IND,SE12,2011,4,
ESTAT:TGS00051(1.0),16/12/21 11:00:00,A,PC_IND,SE12,2012,3,
ESTAT:TGS00051(1.0),16/12/21 11:00:00,A,PC_IND,SE12,2013,2,
ESTAT:TGS00051(1.0),16/12/21 11:00:00,A,PC_IND,SE12,2014,4,
ESTAT:TGS00051(1.0),16/12/21 11:00:00,A,PC_IND,SE12,2015,2,
ESTAT:TGS00051(1.0),16/12/21 11:00:00,A,PC_IND,SE12,2017,1,
ESTAT:TGS00051(1.0),16/12/21 11:00:00,A,PC_IND,SE21,2009,7,
ESTAT:TGS00051(1.0),16/12/21 11:00:00,A,PC_IND,SE21,2010,7,
ESTAT:TGS00051(1.0),16/12/21 11:00:00,A,PC_IND,SE21,2011,5,
ESTAT:TGS00051(1.0),16/12/21 11:00:00,A,PC_IND,SE21,2012,5,
ESTAT:TGS00051(1.0),16/12/21 11:00:00,A,PC_IND,SE21,2013,3,
ESTAT:TGS00051(1.0),16/12/21 11:00:00,A,PC_IND,SE21,2014,5,
ESTAT:TGS00051(1.0),16/12/21 11:00:00,A,PC_IND,SE21,2015,6,
ESTAT:TGS00051(1.0),16/12/21 11:00:00,A,PC_IND,SE21,2017,2,
ESTAT:TGS00051(1.0),16/12/21 11:00:00,A,PC_IND,SE22,2009,6,
ESTAT:TGS00051(1.0),16/12/21 11:00:00,A,PC_IND,SE22,2010,5,
ESTAT:TGS00051(1.0),16/12/21 11:00:00,A,PC_IND,SE22,2011,2,
ESTAT:TGS00051(1.0),16/12/21 11:00:00,A,PC_IND,SE22,2012,3,
ESTAT:TGS00051(1.0),16/12/21 11:00:00,A,PC_IND,SE22,2013,3,
ESTAT:TGS00051(1.0),16/12/21 11:00:00,A,PC_IND,SE22,2014,4,
ESTAT:TGS00051(1.0),16/12/21 11:00:00,A,PC_IND,SE22,2015,6,
ESTAT:TGS00051(1.0),16/12/21 11:00:00,A,PC_IND,SE22,2017,3,
ESTAT:TGS00051(1.0),16/12/21 11:00:00,A,PC_IND,SE23,2009,6,
ESTAT:TGS00051(1.0),16/12/21 11:00:00,A,PC_IND,SE23,2010,4,
ESTAT:TGS00051(1.0),16/12/21 11:00:00,A,PC_IND,SE23,2011,4,
ESTAT:TGS00051(1.0),16/12/21 11:00:00,A,PC_IND,SE23,2012,2,
ESTAT:TGS00051(1.0),16/12/21 11:00:00,A,PC_IND,SE23,2013,2,
ESTAT:TGS00051(1.0),16/12/21 11:00:00,A,PC_IND,SE23,2014,3,
ESTAT:TGS00051(1.0),16/12/21 11:00:00,A,PC_IND,SE23,2015,3,
ESTAT:TGS00051(1.0),16/12/21 11:00:00,A,PC_IND,SE23,2017,2,
ESTAT:TGS00051(1.0),16/12/21 11:00:00,A,PC_IND,SE31,2009,5,
ESTAT:TGS00051(1.0),16/12/21 11:00:00,A,PC_IND,SE31,2010,6,
ESTAT:TGS00051(1.0),16/12/21 11:00:00,A,PC_IND,SE31,2011,5,
ESTAT:TGS00051(1.0),16/12/21 11:00:00,A,PC_IND,SE31,2012,6,
ESTAT:TGS00051(1.0),16/12/21 11:00:00,A,PC_IND,SE31,2013,2,
ESTAT:TGS00051(1.0),16/12/21 11:00:00,A,PC_IND,SE31,2014,5,
ESTAT:TGS00051(1.0),16/12/21 11:00:00,A,PC_IND,SE31,2015,10,
ESTAT:TGS00051(1.0),16/12/21 11:00:00,A,PC_IND,SE31,2017,4,
ESTAT:TGS00051(1.0),16/12/21 11:00:00,A,PC_IND,SE32,2009,8,
ESTAT:TGS00051(1.0),16/12/21 11:00:00,A,PC_IND,SE32,2010,8,
ESTAT:TGS00051(1.0),16/12/21 11:00:00,A,PC_IND,SE32,2011,6,
ESTAT:TGS00051(1.0),16/12/21 11:00:00,A,PC_IND,SE32,2012,5,
ESTAT:TGS00051(1.0),16/12/21 11:00:00,A,PC_IND,SE32,2013,2,u
ESTAT:TGS00051(1.0),16/12/21 11:00:00,A,PC_IND,SE32,2014,5,
ESTAT:TGS00051(1.0),16/12/21 11:00:00,A,PC_IND,SE32,2015,5,
ESTAT:TGS00051(1.0),16/12/21 11:00:00,A,PC_IND,SE32,2017,0,u
ESTAT:TGS00051(1.0),16/12/21 11:00:00,A,PC_IND,SE33,2009,7,
ESTAT:TGS00051(1.0),16/12/21 11:00:00,A,PC_IND,SE33,2010,6,
ESTAT:TGS00051(1.0),16/12/21 11:00:00,A,PC_IND,SE33,2011,4,
ESTAT:TGS00051(1.0),16/12/21 11:00:00,A,PC_IND,SE33,2012,3,
ESTAT:TGS00051(1.0),16/12/21 11:00:00,A,PC_IND,SE33,2013,2,
ESTAT:TGS00051(1.0),16/12/21 11:00:00,A,PC_IND,SE33,2014,5,
ESTAT:TGS00051(1.0),16/12/21 11:00:00,A,PC_IND,SE33,2015,2,
ESTAT:TGS00051(1.0),16/12/21 11:00:00,A,PC_IND,SE33,2017,1,
ESTAT:TGS00051(1.0),16/12/21 11:00:00,A,PC_IND,SI01,2014,25,
ESTAT:TGS00051(1.0),16/12/21 11:00:00,A,PC_IND,SI02,2014,18,
ESTAT:TGS00051(1.0),16/12/21 11:00:00,A,PC_IND,SI03,2015,25,
ESTAT:TGS00051(1.0),16/12/21 11:00:00,A,PC_IND,SI03,2017,20,
ESTAT:TGS00051(1.0),16/12/21 11:00:00,A,PC_IND,SI04,2015,16,
ESTAT:TGS00051(1.0),16/12/21 11:00:00,A,PC_IND,SI04,2017,15,
ESTAT:TGS00051(1.0),16/12/21 11:00:00,A,PC_IND,SK01,2006,24,
ESTAT:TGS00051(1.0),16/12/21 11:00:00,A,PC_IND,SK01,2007,23,
ESTAT:TGS00051(1.0),16/12/21 11:00:00,A,PC_IND,SK01,2008,19,
ESTAT:TGS00051(1.0),16/12/21 11:00:00,A,PC_IND,SK01,2009,18,
ESTAT:TGS00051(1.0),16/12/21 11:00:00,A,PC_IND,SK01,2010,14,
ESTAT:TGS00051(1.0),16/12/21 11:00:00,A,PC_IND,SK01,2011,14,
ESTAT:TGS00051(1.0),16/12/21 11:00:00,A,PC_IND,SK01,2012,10,
ESTAT:TGS00051(1.0),16/12/21 11:00:00,A,PC_IND,SK01,2013,7,
ESTAT:TGS00051(1.0),16/12/21 11:00:00,A,PC_IND,SK01,2014,9,
ESTAT:TGS00051(1.0),16/12/21 11:00:00,A,PC_IND,SK01,2015,12,
ESTAT:TGS00051(1.0),16/12/21 11:00:00,A,PC_IND,SK01,2017,11,
ESTAT:TGS00051(1.0),16/12/21 11:00:00,A,PC_IND,SK02,2006,31,
ESTAT:TGS00051(1.0),16/12/21 11:00:00,A,PC_IND,SK02,2007,26,
ESTAT:TGS00051(1.0),16/12/21 11:00:00,A,PC_IND,SK02,2008,19,
ESTAT:TGS00051(1.0),16/12/21 11:00:00,A,PC_IND,SK02,2009,17,
ESTAT:TGS00051(1.0),16/12/21 11:00:00,A,PC_IND,SK02,2010,15,
ESTAT:TGS00051(1.0),16/12/21 11:00:00,A,PC_IND,SK02,2011,17,
ESTAT:TGS00051(1.0),16/12/21 11:00:00,A,PC_IND,SK02,2012,18,
ESTAT:TGS00051(1.0),16/12/21 11:00:00,A,PC_IND,SK02,2013,14,
ESTAT:TGS00051(1.0),16/12/21 11:00:00,A,PC_IND,SK02,2014,15,
ESTAT:TGS00051(1.0),16/12/21 11:00:00,A,PC_IND,SK02,2015,15,
ESTAT:TGS00051(1.0),16/12/21 11:00:00,A,PC_IND,SK02,2017,14,
ESTAT:TGS00051(1.0),16/12/21 11:00:00,A,PC_IND,SK03,2006,27,
ESTAT:TGS00051(1.0),16/12/21 11:00:00,A,PC_IND,SK03,2007,28,
ESTAT:TGS00051(1.0),16/12/21 11:00:00,A,PC_IND,SK03,2008,17,
ESTAT:TGS00051(1.0),16/12/21 11:00:00,A,PC_IND,SK03,2009,17,
ESTAT:TGS00051(1.0),16/12/21 11:00:00,A,PC_IND,SK03,2010,12,
ESTAT:TGS00051(1.0),16/12/21 11:00:00,A,PC_IND,SK03,2011,18,
ESTAT:TGS00051(1.0),16/12/21 11:00:00,A,PC_IND,SK03,2012,19,
ESTAT:TGS00051(1.0),16/12/21 11:00:00,A,PC_IND,SK03,2013,14,
ESTAT:TGS00051(1.0),16/12/21 11:00:00,A,PC_IND,SK03,2014,14,
ESTAT:TGS00051(1.0),16/12/21 11:00:00,A,PC_IND,SK03,2015,15,
ESTAT:TGS00051(1.0),16/12/21 11:00:00,A,PC_IND,SK03,2017,14,
ESTAT:TGS00051(1.0),16/12/21 11:00:00,A,PC_IND,SK04,2006,28,
ESTAT:TGS00051(1.0),16/12/21 11:00:00,A,PC_IND,SK04,2007,25,
ESTAT:TGS00051(1.0),16/12/21 11:00:00,A,PC_IND,SK04,2008,17,
ESTAT:TGS00051(1.0),16/12/21 11:00:00,A,PC_IND,SK04,2009,17,
ESTAT:TGS00051(1.0),16/12/21 11:00:00,A,PC_IND,SK04,2010,13,
ESTAT:TGS00051(1.0),16/12/21 11:00:00,A,PC_IND,SK04,2011,18,
ESTAT:TGS00051(1.0),16/12/21 11:00:00,A,PC_IND,SK04,2012,12,
ESTAT:TGS00051(1.0),16/12/21 11:00:00,A,PC_IND,SK04,2013,13,
ESTAT:TGS00051(1.0),16/12/21 11:00:00,A,PC_IND,SK04,2014,12,
ESTAT:TGS00051(1.0),16/12/21 11:00:00,A,PC_IND,SK04,2015,15,
ESTAT:TGS00051(1.0),16/12/21 11:00:00,A,PC_IND,SK04,2017,13,
